category,genome/assembly,orf,HMM,bitscore,bitscore_cutoff,clusterID,heme_c_binding_motifs,heme_b_binding_motifs,hematite_binding_motifs,protein_sequence
iron_aquisition-siderophore_transport_potential,ST-45.fas,16241_140,ExbB-family,94.2,22.3,1,0,0,0,MNFEAIFHFFNSSSIITYIVLLWLSLYFILAFSILFARLTYLATWRNKEKESLETLLLGEKDLSRTDSILRKCNDTTSNHLEIYKNLASRRASAGLTWLSIIASTSPFIGLFGTVISILETFGGLGTQNSLSIIAPKISEALVATGCGILVAIPAYTFHLIIKRKAFELLSIIDSEIKVISSSK*
iron_aquisition-siderophore_transport_potential,ST-45.fas,16241_141,ExbD-family,97.2,32.7,1,0,0,0,MPFDDEKPELNITPLVDIMLVLLAILMVTAPSITYEEKINLPQGSQKNTSAPTVKSLIISINAKKEIFLNQEKYDFISFADNLAQRKAQFNTEDPVFIRADKSLKYDDVISVLRSVKNLGFNKVALQTE*
iron_aquisition-siderophore_transport_potential,ST-45.fas,16241_142,TonB-family,47.6,21.8,1,0,0,0,MKNYGLSNLNSFLLALAIYISIVILVFFRLVSEVEPAIQYTDIKDSFVDIELAEPSKQVITQSNTPKEIQKPTEQIDIEKLFAQTTNKTVKTEDIDQKASNFNELFGNIKEIQEEKTTKIQSSAKSGASSAPKPQASELVKQLNDSLLQEESSTQGESTKAQKIGIYDEFLGKVVRIITQRWTQYYPNSEKISVKVKIFIDENGKFGYTSVEKSGNPLYDAKVAEFLESQKGKFITYPPQNKNISITMNLRDEAKVKND*
iron_aquisition-siderophore_transport,ST-45.fas,16241_169,FpvE-family-permease,39.4,25.8,2,0,0,0,MLEILNFTFFQNALLGAILVSIACGIIGTLVMINRLFSMAGGITHGAFGGIGIAFYFSLPILLSTGIFTLFLAFLVAFLAKHYEHRSDSIIAVIWAFGMAVGIILIDLSPSYNTDLMAYLFGSILAVGTQDLWLMALVDSVVVLLIFLFYRQFEALSFDAEFAKVRGINTSFFHYLLIALMAFCIVISIRLVGLILVMALLSIPSFIAENFTKRLGFIMILASFLSMIFCVLGLILSYYLNLSSGACIIAVACFGFLVHLIGKFLKR*
iron_aquisition-siderophore_transport,ST-45.fas,16241_171,FpvC-family-siderophore-transport,52.8,18.5,2,0,0,0,MKKIILFILSLGIFYTFTQAKNLEQEQNTSSNLVSVSIAPQAFFVKKIAADTLDVNVILPPNSNEHNFEFKPNTMKKLEKSDIYFTIGLEFEKVFTDKFKQNFPKLQVVNMQKNIALIQTHDTHEHSHEHEHHEHEHFDPHTWLDPILVQTMALNIYDALIQKYPQNKNLYKQNLDKFLAELDSLNLQIASKLEKLKNREFVVYHPSWTYFAKRYNLTQIPVEILGKEPKSKDLQKLITLMKDKNLKVIFVQNGFPENATKTLAKECDAKIYKIDHLSYDWENELLKTTDAFSHNL*
iron_aquisition-iron_transport,ST-45.fas,16241_197,FbpB-FutB-family-iron-permease,181.9,118,3,0,0,0,MYKTLKYYKLGAILLALFLALPIFGIFAELFYILFQNFNTSNLTQFSSIKENLSHFFDYLFLKFIKDTFIISVGVLCLSLILGVSSAYLIANYDFYFCKILEKLLILPLAIPAYILAFVYVGIMDFQGFFHENFGFRIDFFNHYGVIFVLAISLYPYIYLFAKTAFKSEAKEAYEVAKIMKYSEFRFFTRVALLSARPAIFSGALLVLMETLSDYGASAYLGVDTFSAGIFKLWYDLNDSYSSSVLSGILMLFVFLIMYVDYYYKNKHHYSFNQNLTLFIKKRKLNPIKQILSCIYCFMIAFVGFILPFIWLVYWGLKDHKLFESQFYIISFQTIILALITALITTFLAYFLMFSSRIVKNHFFNLFILKISSLGYSIPAAALGISIIVLFVFLDKFFHMSLLGNSLLVLVFAYIIRFLAGAIYSLEGGYNKIHLNIDEASLNLRASYFILFFKIHTPLMKHFLFLAFIIVFIDTIKELPLSRILAPFGFETLSVKAFWFASDERIYDAALPSLFIVFLSLMVVVWMDKITRKDDVRN*
iron_aquisition-iron_transport,ST-45.fas,16241_198,FutA1-family-iron-binding-proteins,436.5,112,3,0,0,0,MKKIFLMFLTAFSFLGASELNIYSARHYDADFEIIKKFEEKTGIKVNHTQAKASELIKRLSLEGSNSPADIFITADISNLTEAKNLGLLSPVSSKYLEEFIPAHLRDKDKEWFAITKRARIIAYNKNANIDISKMKNYEDLARAEFKGEIVMRSATAPYSKTLLASIIANDGNKEAKAWAKGVLDNLATNPKGGDRDQARQVFAGEAKFAVMNTYYIGLLKNSKNPKDVEVGNSLGIIFPNQDNRGTHINISGIAMTKSSKNQDAAKKFMEFMLSPEIQKILTDSNYEFPIRNDVELSQTVKDFGTFKEDQIPVSKIAENIKEAVKIYDEVGFR*
iron_gene_regulation,ST-45.fas,16241_315,PF01475-Iron_dependent_repressor-fur_family,96.9,23.8,4,1,0,0,MLKKHELKATPQRLCVLKILKRHEHPNIDELYTEIKKEYPSISLATVYKNLNTLQEQGLVVEINVLNQKTCYDIYEEEHIHVVCTKCGGIEDLSFKDAKLYEYQEHLEKKIGNLVNHLSVCAYVDSCKKCH*
iron_gene_regulation,ST-45.fas,16241_389,PF01475-Iron_dependent_repressor-fur_family,145,23.8,6,0,0,0,MLIENVEYDVLLERFKKILRQGGLKYTKQREVLLKTLYHSDTHYTPESLYMEIKQAEPDLNVGIATVYRTLNLLEEAEMVTSISFGSAGKKYELANKPHHDHMICKNCGKIIEFENPIIERQQALIAKEHGFKLTGHLMQLYGVCGDCNNQKAKVKI*
iron_aquisition-siderophore_transport,ST-45.fas,16241_557,PvdR-family-sideropore-export,209.9,61,7,0,0,0,MKKKIVLIILIAILGSVGAYFIFFNNDEKISYLTQKIQKKDISQTIEAVGKVYAKDQVDVGAQVSGQIIKLYVDVGTHVKQGDLIAQIDKDKQQNDLDITKAQLESAKANLESKKVALEIASKQYQREQKLYAAKASSLENLETQKNNYYTLKANVAELNAQVVQLEITLKNAQKDLGYTTITAPMDGVVINVAVDEGQTVNANQNTPTIVRIANLDEMEVRMEIAEADVSKIKVGTELDFSLLNDPQKTYHAKIASIDPADTEVSDSSTSSSSSSSSSSSSSSSNAIYYYAKFYVPNKDDFLRIGMSIQNEIVVASAKAVLAVPTYAIKSDPKGYYVEILENQKAVKKYVKLGIKDSINTQILEGVNENEELIVSSSADGLAPKVKLRF*
iron_aquisition-siderophore_transport,ST-45.fas,16241_558,PvdT-family-siderophore-export,482.4,175,7,0,0,0,MIFLKNICKNIGENAILKNVSLSIEKGEFVAIIGQSGSGKTSLLNIIGTLDTPSSGTYIFDEYEVTKLNNDEKARLRREKIGFIFQRYNLLSLLSAKENVSLPAVYAGKKLQERSQNAKKLLNDLELAHKLDSKPNELSGGQQQRVSIARALMNGGELILADEPTGALDSKSGIMVLEILQKLNAQGHTIVLVTHDPKIAAQAKRVIEIKDGEILSDTKKEKAQEKLTLKTMSKEKKTLTLLKNQAFECFKIAYSSILAHKLRSVLTMLGIIIGIASVVCVVALGLGSQAKVLESIARLGTNTIEIRPGRGFGDLRSGKTRLNFSDLETLRSLEYLEAVDAHSNTSGVATYTNISLSARAEGVGVNNFAIEGLRIDAGRILNNDDVKNSTNVAVLDFNAKKNLFPDEKSENILGRVVLFNSQPFKIIGVLQKDTDKPIEDNVVRLYIPYTTLMNKLTGDRNLREIIVKVKDDVSSTLAENAIIRILEIKRGQKDFFTFNSDTFKQAITANKRTTTILTACVAVIALIVGGIGVMNIMLVSVSERTREIGIRMAIGARREDIMMQFLIEAVVICTIGAILGVILSIFVIFAFNTLSTDFPMILNAYSVLLGLLSSMFIGVVFGFFPARNAANLNPISALSKE*
iron_storage,ST-45.fas,16241_563,PF00210-Ferritin_like_domain,120.7,44,7,0,0,0,MLSKEVVKLLNEQINKEMYAANLYLSMSSWCYENSLDGAGAFLFAHASEESDHAKKLITYLNETDSHVELQEVKQPEQNFKSLLDVFEKTYEHEQFITKSINTLVEHMLTHKDYSTFNFLQWYVSEQHEEEALFRGIVDKIKLIGEHGNGLYLADQYIKNIALSRKK*
iron_aquisition-siderophore_transport,ST-45.fas,16241_1162,FpvE-family-permease,223.5,25.8,9,0,0,0,MISLFIGVISINVKDILNLNSTQLEIITLTRIPRLIAILLTGMSLSICGLIMQQLTQNKFVSPTTAGTMDCAKFGILISLIFFSGASFFTQATIASVFALLGSFIFIQILRKIKLKDVIFVPLIGLMFGGIISAITTFFAYALNYIQNIQGWLQGSMANVMQGNYELLYISLPLFILAYFLAHKITIVGMGEDIALNLGISYNGILFLGLMIVSIITSLVIVSVGIIPFLGLIIPNLVALYLGDNLRKNLIYIALCGALFLLVCDIISRLVIFPFEMPLSITTGVLGSLIFIFLLLKRKVYA*
iron_aquisition-siderophore_transport,ST-45.fas,16241_1163,FpvE-family-permease,153.5,25.8,9,0,0,0,MRKKMLILSFLTLGMIGIFILVGLNGFDEYALKSRFLQIAAIIIVAICIAVSTVIFQTLCNNKILTPAIIGLDSLYMLLQSALIFSFGAANLSVYKNDINFLITLVCMVVFSLGLYKILFSSDRSIYLIMLLGLVFGTLFSTLSSFFEVLIDPDEFMVIQGRMFASFDNIAFDVLILAYIISFLSFIWIFRYMKFLDPLNLGKDLAINLGINYQKISKQLMIIIAILTSISTALVGPITFLGLLVVNITYELFKTAKHSILLSACILISILALLGGVFFVSRVFDYNATISVVINFLGGIYFIYLVLKGNKL*
iron_aquisition-siderophore_transport,ST-45.fas,16241_1164,PvuD-family-ATP-binding-protein,240.7,172,9,0,0,0,MIKLKNITKFYDNKAIISDLSLDFHKGKITSIIGANGTGKSTLLALASRLIKPSSGEIYIDGMNLKDYKEQILAQKISILKQQNNINLRLKVEELVAFGRFPHSQGRLNANDKIKINEALEYMGLSNLKNEFLDTLSGGQKQRAFIAMIIAQDTEFIMFDEPLNNLDMKHSVQIMQLMKNLVKDFNKSIAVVLHDINFASIYSDEIIALKDGKLLKQGSKDEIINQENLKQIYDMDIPVSQIDGKKICIYF*
iron_aquisition-siderophore_transport,ST-45.fas,16241_1165,HatD-family-substrate-binding-protein,162.9,27.5,9,0,0,0,MKKSLVFAFFAFFLSLILTACNSNSNENNASSTTKTNTATVKVLPISMSDEGDSFLVKDSLGENKIPKNPSKVVILDLGILDTFDALKLNDKVAGVPAKNLPKYLQQFKNKPSVGGVQQVDFEAINALKPDLIIISGRQSKFYDKLKEIAPTLFVGLDNTNFLSSFENNVLSVAKLYGLEKEALEKISAIKNEIEKAKSIVDEDKKALIILTNSNKISAFGPQSRFGIIHDVLGINAVDENIKVGTHGKSINSEFILEKNPDYIFVIDRNIIVGNKERAQGILDNALVAKTKAAQNKKIIYLDPEYWYLASGNGLESLKTMILEIKNAVK*
iron_aquisition-iron_transport,ST-45.fas,16241_1200,FeoA-family-iron-transporter,44.9,21,10,0,0,0,MTLNELKDGQKAIIVNLNAHKELKNRLLSFGFIKNKNLKKIHSSLKNATIMVELDTSCVILRSDEAKTIEVNLI*
iron_aquisition-iron_transport,ST-45.fas,16241_1201,FeoB-family-iron-transporter,222.2,28,10,0,0,0,MKKIKIALVGQPNVGKSLLINALCKANMKVGNFSGVTIEKASAKTFYKNYEFEVIDLPGTYSLDGYSEEEKITRHFLNQNDYDVIVNVLDATNLERNLILSAELLSLNKKMLLALNMCDEAKKEGIELDTSVLSQEFQSQVVEISAKTKENLELLLQKIIILFESKFIPRSQFYTPLCEKSPEKEDLLYFINELSKKIITHKKEERNLTKKIDALLIHKFFGLPIFLFLMWLLFQLTFSLGQIPMDYIESGFNTLGEFVKNNISNTFIASALADGIIAGVGAVILFLPNIMILFLGIALLETTGYMSRVAFLLDGILHKFGLHGKSFIPLITGFGCSVPAFMATRTLKNKRDRLLTLFVINFMSCGARLPVYVLFIGAFFPSEKAGNYLFGIYILGAILGLCAAKFLRMTAFRGLDEPFVMEMPKYRMPNWHLVWFMVYNKAKMYLKKAGTFILLASLLIWFASNFPKSEENLNDFNAQERAIEQSYLGQFGKGIEPIFKPLELDWKLSVSLISGLAAKEVMISTMGVLYSLGKDVDETNNDLKGIIAKNIPIPSAVAFILFVMIYNPCFAATIVFSKESGKLKYTLFLFLFTCTSAYIVAFIGLYIAKILLN*
iron_storage,ST-45.fas,16241_1301,PF00210-Ferritin_like_domain,78.3,44,11,0,0,0,MSVTKQLLQMQADAHHLWVKFHNYHWNVKGLQFFSIHEYTEKAYEEMAELFDSCAERVLQLGEKAITCQKVLMENAKSPKVAKDCFTPLEVIELIKQDYEYLLAEFKKLNEEAEKESDTTTAAFAQENIAKYEKSLWMIGATLQGACKM*
iron_aquisition-siderophore_synthesis,ST-45.fas,16241_1332,PchH-family-siderophore-synthesis,41.2,24,12,0,0,0,MLKVCNLSKFYELKKHWYLKKERHIIFDNINFSLNENDNLIILGKSGAGKSTLARILCFLEDPSEGEVWYENLNLHKLDKNKQRLLRKQIQYCFQDQKMALNPYKKIKNLIQDGLENFNLQKNDDLILEFFDFFSLKKQILKQKPYELSGGEATRVGLIRALVLNPKLLILDEITSALDIKTSKEILTFLYDYQQKNNISYIFITHQSDLFYKFNHKKLKL*
iron_aquisition-siderophore_synthesis,ST-45.fas,16241_1333,PchI-family-siderophore-synthesis,36.6,24,12,0,0,0,MKVRNLNISLKNNLLLKDINLDIKTGKTLMILGQSGVGKSLLGKALVRLLDSNFTISFDELSFHNSCIFNFNKEELRNFRSKVALVLQDAELSLYPYLDIGNLCHLVLKTHTKLKQKERKDYAFSYFQKLGFENLDRLWHSYANELSLGMARRVSLALALLNQPQILICDEITASLDKENASKIISILEELKNTTALVCITHDLNLVNSLADEILMLEKNSSNLYSLNEFLRYYNA*
iron_aquisition-siderophore_synthesis,ST-45.fas,16241_1338,PvdE-family-siderophore-synthesis,285.9,120,12,0,0,0,MPFIMELLKQNKLKLISFLLFSFITSAVGVLTLVFINDYLLKNAQNIPIFYFIVLLLIFFISSTIVELGLSIFGQNFIFKMQRRVVKQILDTPLLRVAKVGKARILASLGSDVRNISFGLLRLPDFLQSSILILCTSVYLCYLSPQIFVLCVVWIMVIFITNNFLMMKVYQYFRKARENDDALQNNYQNILDGHKELLINRDRAKLYYEDEFENNARLKKKNSTLGNLFNNLSNNWTNVTLLALVGVEFYLALKFEWASVADATTIALSILFLRTPLVSMIGSFPTLLLAKIALDKIAKLELDDYIEGFKKTHYISEWKKISFRNTQFAYEENFHLNPVNIELKKGELVFLIGKNGSGKSTFCMLLTGLFKPSKGGIYVDDTLIDDKKLDEYRSLISAVFSDFHLFTKTLNKENFASEEKIAFWLEFLELKDKTSVKDNELTLTKLSTGQKKRLAMLIALLEERDILVLDEWAADQDPVFRRFFYKKLLPLLKEQGKTIFAITHDDAYFDSADRIFLAQNGEISELKGENIKELAKNLVEKFD*
iron_aquisition-siderophore_transport,ST-45.fas,16241_1356,PirA-family-siderophore-receptor,57.6,21.1,13,0,0,0,MHPNKKAFKLSLFALLLITNLNAQESNEAINLQKVVVSATGFEQDADSNLRNVISIEGKDLQNKGYVSLEQALERISGISFVNFGLGRNIDMRGQGDKSNIAVKVMIDGRAINVLDNSHGVTPLDSINLDNVERIEIIPGGGSVLYGSGTRGGVINIITKKQKSDAFAINLKSSAYDHGGLGGNLGINGAKQINENLAFSFDIQSFNLDGYQEGYNEKGYFINTKTYIDINDNSDLTLGYDYFKSKNTSSGYLTKAQAQSDPTQKGNSDNITQINRPEISLDYHYYFDDIWEFNLEAFWQNQKIDYLKDEISMMGTTAYQNGSGFEDTLTGISLKNKLNYANNSYFIFGYEFTNHDAKRKSLVYYSVPGVINYHRMTTLMDMTKQSHSIFALNSHNFNEFFTLSGGARYEFSTYDTDRSYRNEMSMNIPRPPSDSTTLFDTNKNTNNFAFEITPNFKYSDTGNLYLKYERGFVSPAPAQFVNRNKTGNGIPPYYSSNLKAEIFDTFELGIDDFWWDFYGFNLTLFYTLSKDEISYLGNPHSTSGSWWKYYNIDQTRRLGVELSLSQNFLDDDLIFRESLTYLDAKISKGVNDGMRIPYVSKIKATAGLEYAWNKNFSNFIDLTYFSRAKDGGTIDENTGKMSKNSWIRDYFLTDIGMKYNYKKLQILAGIRNLFDKRYYTYQDSINDQYLVGNGRNYYVEFKYAF*
iron_aquisition-siderophore_transport,ST-45.fas,16241_1357,FpvE-family-permease,285.5,25.8,13,0,0,0,MLNLNTHSKILVIIGLLVAYIIASFTALCLGDENLNPKELFSYIFSQDEILRQIIIDGRLPRIIMAILIGMLLASSGAITQNVFSNPIADPYIIGIASAATFGAVLAYLLKLNDYYYGILGFVCSAFFALGVFKISSKASIATLLIIGIAASSFLGAFTSFFTYLIGEDSFKIVAWLMGNIGNASWFRVGILILPLIFCLFYFYAHKNELNILLSGDDEARNLGVNAQKLKINLLIVSSLAVSFAVAFSGLIGFVGLIIPHTIRLLLKNYDNALVIPLCTAFGGLFLLICDTLARTLLAPVQIPIGILTAFFGAPIFLYLALSARRFL*
iron_aquisition-siderophore_transport,ST-45.fas,16241_1358,PvuD-family-ATP-binding-protein,188.6,172,13,0,0,0,MLKIQDLSFAYHQKDLLKNIHLELKNQAFIGILGPNGSGKSTLLKLILKNLSPNKGEISLFNTNIKDFSLKEFAKICGFVPQKSELNTPLKVIDVLLMSKYANLKHAFSSYSKEDILEIKEFAKDLRLENFLERSILSLSGGEFQRMLLARALLKKPKILFLDEPTSALDLNYAIELLSLCEKLVKEKNIAVVAILHDLNLASMFCDKILFLKEGEIKYFGTSKELFTQEILKEIYDLNCEIIYKNSKPYILALKEKK*
iron_aquisition-siderophore_transport,ST-45.fas,16241_1359,HatD-family-substrate-binding-protein,113,27.5,13,0,0,0,MKKILIIMSLFLITLNAKERLVVLDPASIETLFMLKAEDQIVGIATLQHSNIYPKDQTSKLTSVGTFSNPSLEKIVALKPSLVILSSYSLNLEEGLKNFGIKSINLKAERLEDITKNITTLGQITKKEKEAEFLKQEFTQNLKKLSDKPLNKSAIYLYSSNPLMAFNDNSLIADILRLIGIKNLSPQSQISRPVISAEYILKQNPDILILGINAKNNLLDTNALLKNTKAVKTGSIYFNKDTHILLRLSPKIIDRIQEFKTKLENNNF*
iron_aquisition-siderophore_transport_potential,ST-45.fas,16241_1370,ExbB-family,120.9,22.3,14,0,0,0,MEFLKDYIDLIIFLILGIMAFIAFWCVVERMLFFRKINFKNYENQEQFDDAISENLTTIYIIYSNAPYIGLLGTVIGIMVTFYEMGLAGNIDVKSIVVGLSLALKATALGLLVAIPALMAYNALLRKVSLLSNAYKANKNA*
iron_aquisition-siderophore_transport_potential,ST-45.fas,16241_1371,ExbD-family,74.1,32.7,14,0,0,0,MLKLPKNEGLNIVPFIDIMLVLLAIVLSISTFIAHGKIQISLPSSENATNISNNEKKLLITIDEKNTFYLNDKLADLNEVQNAIFSLDKKTIVELKSDKNAKFESFVKIIDFLKAKEHENFQILTEKNK*
iron_aquisition-siderophore_transport_potential,ST-45.fas,16241_1372,TonB-family,68.4,24.6,14,0,0,0,MKTLFLNHKYQASYITFIVFIPLLFVIFHSNDFFKMEIKNEDSFSLAIKQFTQTNPTNETKPTESIIEPIKPKPQPKVIKKTPEKIQKKIKKTPPHPIPNKTPIAPTQEVKTFTKTTDTNVKPKITQLTQGKDNHPVLKEIQKAIQQAQFYPRQAKKMRMQGTVKVEFLWKENKTLADLKIIESSGYDLLDKSALESIRKASLNFPQYNGDLRITLPIIYDFKTLRG*
iron_aquisition-siderophore_transport_potential,ST-45.fas,21315_139,ExbB-family,94.2,22.3,17,0,0,0,MNFEAIFHFFNSSSIITYIVLLWLSLYFILAFSILFARLTYLATWRNKEKESLETLLLGEKDLSRTDSILRKCNDTTSNHLEIYKNLASRRASAGLTWLSIIASTSPFIGLFGTVISILETFGGLGTQNSLSIIAPKISEALVATGCGILVAIPAYTFHLIIKRKAFELLSIIDSEIKVISSSK*
iron_aquisition-siderophore_transport_potential,ST-45.fas,21315_140,ExbD-family,97.2,32.7,17,0,0,0,MPFDDEKPELNITPLVDIMLVLLAILMVTAPSITYEEKINLPQGSQKNTSAPTVKSLIISINAKKEIFLNQEKYDFISFADNLAQRKAQFNTEDPVFIRADKSLKYDDVISVLRSVKNLGFNKVALQTE*
iron_aquisition-siderophore_transport_potential,ST-45.fas,21315_141,TonB-family,47.6,21.8,17,0,0,0,MKNYGLSNLNSFLLALAIYISIVILVFFRLVSEVEPAIQYTDIKDSFVDIELAEPSKQVITQSNTPKEIQKPTEQIDIEKLFAQTTNKTVKTEDIDQKASNFNELFGNIKEIQEEKTTKIQSSAKSGASSAPKPQASELVKQLNDSLLQEESSTQGESTKAQKIGIYDEFLGKVVRIITQRWTQYYPNSEKISVKVKIFIDENGKFGYTSVEKSGNPLYDAKVAEFLESQKGKFITYPPQNKNISITMNLRDEAKVKND*
iron_aquisition-siderophore_transport,ST-45.fas,21315_168,FpvE-family-permease,39.4,25.8,18,0,0,0,MLEILNFTFFQNALLGAILVSIACGIIGTLVMINRLFSMAGGITHGAFGGIGIAFYFSLPILLSTGIFTLFLAFLVAFLAKHYEHRSDSIIAVIWAFGMAVGIILIDLSPSYNTDLMAYLFGSILAVGTQDLWLMALVDSVVVLLIFLFYRQFEALSFDAEFAKVRGINTSFFHYLLIALMAFCIVISIRLVGLILVMALLSIPSFIAENFTKRLGFIMILASFLSMIFCVLGLILSYYLNLSSGACIIAVACFGFLVHLIGKFLKR*
iron_aquisition-siderophore_transport,ST-45.fas,21315_170,FpvC-family-siderophore-transport,52.8,18.5,18,0,0,0,MKKIILFILSLGIFYTFTQAKNLEQEQNTSSNLVSVSIAPQAFFVKKIAADTLDVNVILPPNSNEHNFEFKPNTMKKLEKSDIYFTIGLEFEKVFTDKFKQNFPKLQVVNMQKNIALIQTHDTHEHSHEHEHHEHEHFDPHTWLDPILVQTMALNIYDALIQKYPQNKNLYKQNLDKFLAELDSLNLQIASKLEKLKNREFVVYHPSWTYFAKRYNLTQIPVEILGKEPKSKDLQKLITLMKDKNLKVIFVQNGFPENATKTLAKECDAKIYKIDHLSYDWENELLKTTDAFSHNL*
iron_aquisition-iron_transport,ST-45.fas,21315_196,FbpB-FutB-family-iron-permease,181.9,118,19,0,0,0,MYKTLKYYKLGAILLALFLALPIFGIFAELFYILFQNFNTSNLTQFSSIKENLSHFFDYLFLKFIKDTFIISVGVLCLSLILGVSSAYLIANYDFYFCKILEKLLILPLAIPAYILAFVYVGIMDFQGFFHENFGFRIDFFNHYGVIFVLAISLYPYIYLFAKTAFKSEAKEAYEVAKIMKYSEFRFFTRVALLSARPAIFSGALLVLMETLSDYGASAYLGVDTFSAGIFKLWYDLNDSYSSSVLSGILMLFVFLIMYVDYYYKNKHHYSFNQNLTLFIKKRKLNPIKQILSCIYCFMIAFVGFILPFIWLVYWGLKDHKLFESQFYIISFQTIILALITALITTFLAYFLMFSSRIVKNHFFNLFILKISSLGYSIPAAALGISIIVLFVFLDKFFHMSLLGNSLLVLVFAYIIRFLAGAIYSLEGGYNKIHLNIDEASLNLRASYFILFFKIHTPLMKHFLFLAFIIVFIDTIKELPLSRILAPFGFETLSVKAFWFASDERIYDAALPSLFIVFLSLMVVVWMDKITRKDDVRN*
iron_aquisition-iron_transport,ST-45.fas,21315_197,FutA1-family-iron-binding-proteins,436.5,112,19,0,0,0,MKKIFLMFLTAFSFLGASELNIYSARHYDADFEIIKKFEEKTGIKVNHTQAKASELIKRLSLEGSNSPADIFITADISNLTEAKNLGLLSPVSSKYLEEFIPAHLRDKDKEWFAITKRARIIAYNKNANIDISKMKNYEDLARAEFKGEIVMRSATAPYSKTLLASIIANDGNKEAKAWAKGVLDNLATNPKGGDRDQARQVFAGEAKFAVMNTYYIGLLKNSKNPKDVEVGNSLGIIFPNQDNRGTHINISGIAMTKSSKNQDAAKKFMEFMLSPEIQKILTDSNYEFPIRNDVELSQTVKDFGTFKEDQIPVSKIAENIKEAVKIYDEVGFR*
iron_gene_regulation,ST-45.fas,21315_312,PF01475-Iron_dependent_repressor-fur_family,96.9,23.8,20,1,0,0,MLKKHELKATPQRLCVLKILKRHEHPNIDELYTEIKKEYPSISLATVYKNLNTLQEQGLVVEINVLNQKTCYDIYEEEHIHVVCTKCGGIEDLSFKDAKLYEYQEHLEKKIGNLVNHLSVCAYVDSCKKCH*
iron_gene_regulation,ST-45.fas,21315_386,PF01475-Iron_dependent_repressor-fur_family,145,23.8,22,0,0,0,MLIENVEYDVLLERFKKILRQGGLKYTKQREVLLKTLYHSDTHYTPESLYMEIKQAEPDLNVGIATVYRTLNLLEEAEMVTSISFGSAGKKYELANKPHHDHMICKNCGKIIEFENPIIERQQALIAKEHGFKLTGHLMQLYGVCGDCNNQKAKVKI*
iron_aquisition-siderophore_transport,ST-45.fas,21315_554,PvdR-family-sideropore-export,209.9,61,23,0,0,0,MKKKIVLIILIAILGSVGAYFIFFNNDEKISYLTQKIQKKDISQTIEAVGKVYAKDQVDVGAQVSGQIIKLYVDVGTHVKQGDLIAQIDKDKQQNDLDITKAQLESAKANLESKKVALEIASKQYQREQKLYAAKASSLENLETQKNNYYTLKANVAELNAQVVQLEITLKNAQKDLGYTTITAPMDGVVINVAVDEGQTVNANQNTPTIVRIANLDEMEVRMEIAEADVSKIKVGTELDFSLLNDPQKTYHAKIASIDPADTEVSDSSTSSSSSSSSSSSSSSSNAIYYYAKFYVPNKDDFLRIGMSIQNEIVVASAKAVLAVPTYAIKSDPKGYYVEILENQKAVKKYVKLGIKDSINTQILEGVNENEELIVSSSADGLAPKVKLRF*
iron_aquisition-siderophore_transport,ST-45.fas,21315_555,PvdT-family-siderophore-export,482.4,175,23,0,0,0,MIFLKNICKNIGENAILKNVSLSIEKGEFVAIIGQSGSGKTSLLNIIGTLDTPSSGTYIFDEYEVTKLNNDEKARLRREKIGFIFQRYNLLSLLSAKENVSLPAVYAGKKLQERSQNAKKLLNDLELAHKLDSKPNELSGGQQQRVSIARALMNGGELILADEPTGALDSKSGIMVLEILQKLNAQGHTIVLVTHDPKIAAQAKRVIEIKDGEILSDTKKEKAQEKLTLKTMSKEKKTLTLLKNQAFECFKIAYSSILAHKLRSVLTMLGIIIGIASVVCVVALGLGSQAKVLESIARLGTNTIEIRPGRGFGDLRSGKTRLNFSDLETLRSLEYLEAVDAHSNTSGVATYTNISLSARAEGVGVNNFAIEGLRIDAGRILNNDDVKNSTNVAVLDFNAKKNLFPDEKSENILGRVVLFNSQPFKIIGVLQKDTDKPIEDNVVRLYIPYTTLMNKLTGDRNLREIIVKVKDDVSSTLAENAIIRILEIKRGQKDFFTFNSDTFKQAITANKRTTTILTACVAVIALIVGGIGVMNIMLVSVSERTREIGIRMAIGARREDIMMQFLIEAVVICTIGAILGVILSIFVIFAFNTLSTDFPMILNAYSVLLGLLSSMFIGVVFGFFPARNAANLNPISALSKE*
iron_storage,ST-45.fas,21315_560,PF00210-Ferritin_like_domain,120.7,44,23,0,0,0,MLSKEVVKLLNEQINKEMYAANLYLSMSSWCYENSLDGAGAFLFAHASEESDHAKKLITYLNETDSHVELQEVKQPEQNFKSLLDVFEKTYEHEQFITKSINTLVEHMLTHKDYSTFNFLQWYVSEQHEEEALFRGIVDKIKLIGEHGNGLYLADQYIKNIALSRKK*
iron_aquisition-siderophore_transport,ST-45.fas,21315_1156,FpvE-family-permease,223.5,25.8,25,0,0,0,MISLFIGVISINVKDILNLNSTQLEIITLTRIPRLIAILLTGMSLSICGLIMQQLTQNKFVSPTTAGTMDCAKFGILISLIFFSGASFFTQATIASVFALLGSFIFIQILRKIKLKDVIFVPLIGLMFGGIISAITTFFAYALNYIQNIQGWLQGSMANVMQGNYELLYISLPLFILAYFLAHKITIVGMGEDIALNLGISYNGILFLGLMIVSIITSLVIVSVGIIPFLGLIIPNLVALYLGDNLRKNLIYIALCGALFLLVCDIISRLVIFPFEMPLSITTGVLGSLIFIFLLLKRKVYA*
iron_aquisition-siderophore_transport,ST-45.fas,21315_1157,FpvE-family-permease,153.5,25.8,25,0,0,0,MRKKMLILSFLTLGMIGIFILVGLNGFDEYALKSRFLQIAAIIIVAICIAVSTVIFQTLCNNKILTPAIIGLDSLYMLLQSALIFSFGAANLSVYKNDINFLITLVCMVVFSLGLYKILFSSDRSIYLIMLLGLVFGTLFSTLSSFFEVLIDPDEFMVIQGRMFASFDNIAFDVLILAYIISFLSFIWIFRYMKFLDPLNLGKDLAINLGINYQKISKQLMIIIAILTSISTALVGPITFLGLLVVNITYELFKTAKHSILLSACILISILALLGGVFFVSRVFDYNATISVVINFLGGIYFIYLVLKGNKL*
iron_aquisition-siderophore_transport,ST-45.fas,21315_1158,PvuD-family-ATP-binding-protein,240.7,172,25,0,0,0,MIKLKNITKFYDNKAIISDLSLDFHKGKITSIIGANGTGKSTLLALASRLIKPSSGEIYIDGMNLKDYKEQILAQKISILKQQNNINLRLKVEELVAFGRFPHSQGRLNANDKIKINEALEYMGLSNLKNEFLDTLSGGQKQRAFIAMIIAQDTEFIMFDEPLNNLDMKHSVQIMQLMKNLVKDFNKSIAVVLHDINFASIYSDEIIALKDGKLLKQGSKDEIINQENLKQIYDMDIPVSQIDGKKICIYF*
iron_aquisition-siderophore_transport,ST-45.fas,21315_1159,HatD-family-substrate-binding-protein,162.9,27.5,25,0,0,0,MKKSLVFAFFAFFLSLILTACNSNSNENNASSTTKTNTATVKVLPISMSDEGDSFLVKDSLGENKIPKNPSKVVILDLGILDTFDALKLNDKVAGVPAKNLPKYLQQFKNKPSVGGVQQVDFEAINALKPDLIIISGRQSKFYDKLKEIAPTLFVGLDNTNFLSSFENNVLSVAKLYGLEKEALEKISAIKNEIEKAKSIVDEDKKALIILTNSNKISAFGPQSRFGIIHDVLGINAVDENIKVGTHGKSINSEFILEKNPDYIFVIDRNIIVGNKERAQGILDNALVAKTKAAQNKKIIYLDPEYWYLASGNGLESLKTMILEIKNAVK*
iron_aquisition-iron_transport,ST-45.fas,21315_1194,FeoA-family-iron-transporter,44.9,21,26,0,0,0,MTLNELKDGQKAIIVNLNAHKELKNRLLSFGFIKNKNLKKIHSSLKNATIMVELDTSCVILRSDEAKTIEVNLI*
iron_aquisition-iron_transport,ST-45.fas,21315_1195,FeoB-family-iron-transporter,222,28,26,0,0,0,MKKIKIALVGQPNVGKSLLINALCKANMKVGNFSGVTIEKASAKTFYKNYEFEVIDLPGTYSLDGYSEEEKITRHFLNQNDYDVIVNVLDATNLERNLILSAELLSLNKKMLLALNMCDEAKKEGIELDTSVLSQEFQSQVVEISAKTKENLELLLQKIIILFESKFIPRSQFYTPLCEKSPEKEDLLYFINELSKKIITHKKEERNLTKKIDALLIHKFFGLPIFLFLMWLLFQLTFSLGQIPMDYIESGFNTLGEFVKNNISNTFIASALADGIIAGVGAVILFLPNIMILFLGIALLETTGYMSRVAFLLDGILHKFGLHGKSFIPLITGFGCSVPAFMATRTLKNKRDRLLTLFVINFMSCGARLPVYVLFIGAFFPSEKAGNYLFGIYILGAILGLCAAKFLRMTAFRGLDEPFVMEMPKYRMPNWHLVWFMVYNKAKMYLKKAGTFILLASLLIWFASNFPKSKENLNDFNAQERAIEQSYLGQFGKGIEPIFKPLELDWKLSVSLISGLAAKEVMISTMGVLYSLGKDVDETNNDLKGIIAKNIPIPSAVAFILFVMIYNPCFAATIVFSKESGKLKYTLFLFLFTCTSAYIVAFIGLYIAKILLN*
iron_storage,ST-45.fas,21315_1296,PF00210-Ferritin_like_domain,78.3,44,27,0,0,0,MSVTKQLLQMQADAHHLWVKFHNYHWNVKGLQFFSIHEYTEKAYEEMAELFDSCAERVLQLGEKAITCQKVLMENAKSPKVAKDCFTPLEVIELIKQDYEYLLAEFKKLNEEAEKESDTTTAAFAQENIAKYEKSLWMIGATLQGACKM*
iron_aquisition-siderophore_synthesis,ST-45.fas,21315_1327,PchH-family-siderophore-synthesis,41.2,24,28,0,0,0,MLKVCNLSKFYELKKHWYLKKERHIIFDNINFSLNENDNLIILGKSGAGKSTLARILCFLEDPSEGEVWYENLNLHKLDKNKQRLLRKQIQYCFQDQKMALNPYKKIKNLIQDGLENFNLQKNDDLILEFFDFFSLKKQILKQKPYELSGGEATRVGLIRALVLNPKLLILDEITSALDIKTSKEILTFLYDYQQKNNISYIFITHQSDLFYKFNHKKLKL*
iron_aquisition-siderophore_synthesis,ST-45.fas,21315_1328,PchI-family-siderophore-synthesis,36.6,24,28,0,0,0,MKVRNLNISLKNNLLLKDINLDIKTGKTLMILGQSGVGKSLLGKALVRLLDSNFTISFDELSFHNSCIFNFNKEELRNFRSKVALVLQDAELSLYPYLDIGNLCHLVLKTHTKLKQKERKDYAFSYFQKLGFENLDRLWHSYANELSLGMARRVSLALALLNQPQILICDEITASLDKENASKIISILEELKNTTALVCITHDLNLVNSLADEILMLEKNSSNLYSLNEFLRYYNA*
iron_aquisition-siderophore_synthesis,ST-45.fas,21315_1333,PvdE-family-siderophore-synthesis,285.9,120,28,0,0,0,MPFIMELLKQNKLKLISFLLFSFITSAVGVLTLVFINDYLLKNAQNIPIFYFIVLLLIFFISSTIVELGLSIFGQNFIFKMQRRVVKQILDTPLLRVAKVGKARILASLGSDVRNISFGLLRLPDFLQSSILILCTSVYLCYLSPQIFVLCVVWIMVIFITNNFLMMKVYQYFRKARENDDALQNNYQNILDGHKELLINRDRAKLYYEDEFENNARLKKKNSTLGNLFNNLSNNWTNVTLLALVGVEFYLALKFEWASVADATTIALSILFLRTPLVSMIGSFPTLLLAKIALDKIAKLELDDYIEGFKKTHYISEWKKISFRNTQFAYEENFHLNPVNIELKKGELVFLIGKNGSGKSTFCMLLTGLFKPSKGGIYVDDTLIDDKKLDEYRSLISAVFSDFHLFTKTLNKENFASEEKIAFWLEFLELKDKTSVKDNELTLTKLSTGQKKRLAMLIALLEERDILVLDEWAADQDPVFRRFFYKKLLPLLKEQGKTIFAITHDDAYFDSADRIFLAQNGEISELKGENIKELAKNLVEKFD*
iron_aquisition-siderophore_transport,ST-45.fas,21315_1351,PirA-family-siderophore-receptor,57.6,21.1,29,0,0,0,MHPNKKAFKLSLFALLLITNLNAQESNEAINLQKVVVSATGFEQDADSNLRNVISIEGKDLQNKGYVSLEQALERISGISFVNFGLGRNIDMRGQGDKSNIAVKVMIDGRAINVLDNSHGVTPLDSINLDNVERIEIIPGGGSVLYGSGTRGGVINIITKKQKSDAFAINLKSSAYDHGGLGGNLGINGAKQINENLAFSFDIQSFNLDGYQEGYNEKGYFINTKTYIDINDNSDLTLGYDYFKSKNTSSGYLTKAQAQSDPTQKGNSDNITQINRPEISLDYHYYFDDIWEFNLEAFWQNQKIDYLKDEISMMGTTAYQNGSGFEDTLTGISLKNKLNYANNSYFIFGYEFTNHDAKRKSLVYYSVPGVINYHRMTTLMDMTKQSHSIFALNSHNFNEFFTLSGGARYEFSTYDTDRSYRNEMSMNIPRPPSDSTTLFDTNKNTNNFAFEITPNFKYSDTGNLYLKYERGFVSPAPAQFVNRNKTGNGIPPYYSSNLKAEIFDTFELGIDDFWWDFYGFNLTLFYTLSKDEISYLGNPHSTSGSWWKYYNIDQTRRLGVELSLSQNFLDDDLIFRESLTYLDAKISKGVNDGMRIPYVSKIKATAGLEYAWNKNFSNFIDLTYFSRAKDGGTIDENTGKMSKNSWIRDYFLTDIGMKYNYKKLQILAGIRNLFDKRYYTYQDSINDQYLVGNGRNYYVEFKYAF*
iron_aquisition-siderophore_transport,ST-45.fas,21315_1352,FpvE-family-permease,285.5,25.8,29,0,0,0,MLNLNTHSKILVIIGLLVAYIIASFTALCLGDENLNPKELFSYIFSQDEILRQIIIDGRLPRIIMAILIGMLLASSGAITQNVFSNPIADPYIIGIASAATFGAVLAYLLKLNDYYYGILGFVCSAFFALGVFKISSKASIATLLIIGIAASSFLGAFTSFFTYLIGEDSFKIVAWLMGNIGNASWFRVGILILPLIFCLFYFYAHKNELNILLSGDDEARNLGVNAQKLKINLLIVSSLAVSFAVAFSGLIGFVGLIIPHTIRLLLKNYDNALVIPLCTAFGGLFLLICDTLARTLLAPVQIPIGILTAFFGAPIFLYLALSARRFL*
iron_aquisition-siderophore_transport,ST-45.fas,21315_1353,PvuD-family-ATP-binding-protein,188.6,172,29,0,0,0,MLKIQDLSFAYHQKDLLKNIHLELKNQAFIGILGPNGSGKSTLLKLILKNLSPNKGEISLFNTNIKDFSLKEFAKICGFVPQKSELNTPLKVIDVLLMSKYANLKHAFSSYSKEDILEIKEFAKDLRLENFLERSILSLSGGEFQRMLLARALLKKPKILFLDEPTSALDLNYAIELLSLCEKLVKEKNIAVVAILHDLNLASMFCDKILFLKEGEIKYFGTSKELFTQEILKEIYDLNCEIIYKNSKPYILALKEKK*
iron_aquisition-siderophore_transport,ST-45.fas,21315_1354,HatD-family-substrate-binding-protein,113,27.5,29,0,0,0,MKKILIIMSLFLITLNAKERLVVLDPASIETLFMLKAEDQIVGIATLQHSNIYPKDQTSKLTSVGTFSNPSLEKIVALKPSLVILSSYSLNLEEGLKNFGIKSINLKAERLEDITKNITTLGQITKKEKEAEFLKQEFTQNLKKLSDKPLNKSAIYLYSSNPLMAFNDNSLIADILRLIGIKNLSPQSQISRPVISAEYILKQNPDILILGINAKNNLLDTNALLKNTKAVKTGSIYFNKDTHILLRLSPKIIDRIQEFKTKLENNNF*
iron_aquisition-siderophore_transport_potential,ST-45.fas,21315_1365,ExbB-family,120.9,22.3,30,0,0,0,MEFLKDYIDLIIFLILGIMAFIAFWCVVERMLFFRKINFKNYENQEQFDDAISENLTTIYIIYSNAPYIGLLGTVIGIMVTFYEMGLAGNIDVKSIVVGLSLALKATALGLLVAIPALMAYNALLRKVSLLSNAYKANKNA*
iron_aquisition-siderophore_transport_potential,ST-45.fas,21315_1366,ExbD-family,74.1,32.7,30,0,0,0,MLKLPKNEGLNIVPFIDIMLVLLAIVLSISTFIAHGKIQISLPSSENATNISNNEKKLLITIDEKNTFYLNDKLADLNEVQNAIFSLDKKTIVELKSDKNAKFESFVKIIDFLKAKEHENFQILTEKNK*
iron_aquisition-siderophore_transport_potential,ST-45.fas,21315_1367,TonB-family,68.4,24.6,30,0,0,0,MKTLFLNHKYQASYITFIVFIPLLFVIFHSNDFFKMEIKNEDSFSLAIKQFTQTNPTNETKPTESIIEPIKPKPQPKVIKKTPEKIQKKIKKTPPHPIPNKTPIAPTQEVKTFTKTTDTNVKPKITQLTQGKDNHPVLKEIQKAIQQAQFYPRQAKKMRMQGTVKVEFLWKENKTLADLKIIESSGYDLLDKSALESIRKASLNFPQYNGDLRITLPIIYDFKTLRG*
iron_aquisition-siderophore_transport_potential,ST-45.fas,56424_141,ExbB-family,94.2,22.3,33,0,0,0,MNFEAIFHFFNSSSIITYIVLLWLSLYFILAFSILFARLTYLATWRNKEKESLETLLLGEKDLSRTDSILRKCNDTTSNHLEIYKNLASRRASAGLTWLSIIASTSPFIGLFGTVISILETFGGLGTQNSLSIIAPKISEALVATGCGILVAIPAYTFHLIIKRKAFELLSIIDSEIKVISSSK*
iron_aquisition-siderophore_transport_potential,ST-45.fas,56424_142,ExbD-family,97.2,32.7,33,0,0,0,MPFDDEKPELNITPLVDIMLVLLAILMVTAPSITYEEKINLPQGSQKNTSAPTVKSLIISINAKKEIFLNQEKYDFISFADNLAQRKAQFNTEDPVFIRADKSLKYDDVISVLRSVKNLGFNKVALQTE*
iron_aquisition-siderophore_transport_potential,ST-45.fas,56424_143,TonB-family,47.6,21.8,33,0,0,0,MKNYGLSNLNSFLLALAIYISIVILVFFRLVSEVEPAIQYTDIKDSFVDIELAEPSKQVITQSNTPKEIQKPTEQIDIEKLFAQTTNKTVKTEDIDQKASNFNELFGNIKEIQEEKTTKIQSSAKSGASSAPKPQASELVKQLNDSLLQEESSTQGESTKAQKIGIYDEFLGKVVRIITQRWTQYYPNSEKISVKVKIFIDENGKFGYTSVEKSGNPLYDAKVAEFLESQKGKFITYPPQNKNISITMNLRDEAKVKND*
iron_aquisition-siderophore_transport,ST-45.fas,56424_171,FpvE-family-permease,39.4,25.8,34,0,0,0,MLEILNFTFFQNALLGAILVSIACGIIGTLVMINRLFSMAGGITHGAFGGIGIAFYFSLPILLSTGIFTLFLAFLVAFLAKHYEHRSDSIIAVIWAFGMAVGIILIDLSPSYNTDLMAYLFGSILAVGTQDLWLMALVDSVVVLLIFLFYRQFEALSFDAEFAKVRGINTSFFHYLLIALMAFCIVISIRLVGLILVMALLSIPSFIAENFTKRLGFIMILASFLSMIFCVLGLILSYYLNLSSGACIIAVACFGFLVHLIGKFLKR*
iron_aquisition-siderophore_transport,ST-45.fas,56424_173,FpvC-family-siderophore-transport,55.9,18.5,34,0,0,0,MKKIILFILSLGIFYTFTQAKNLEQEQNTSSNLVSVSIAPQAFFVKKIAADTLDVNVILPPNSNEHNFEFKPSTMKKLEKSDIYFTIGLEFEKVFTDKFKQNFPKLQVVNMQKNIALIQTHDTHEHSHEHEEHEHFDPHTWLDPILVQTMALNIYDALIQKYPQNKNLYKQNLDKFLAELDSLNLQIASKLEKLKNRDFVVYHPSWTYFAKRYNLTQIPVEILGKEPKSKDLQKLITLMKDKNLKVIFVQNGFPENAAKTLAKECDAKIYKIDHLSYDWENELLKTADAFSHNL*
iron_aquisition-iron_transport,ST-45.fas,56424_199,FbpB-FutB-family-iron-permease,183.5,118,35,0,0,0,MYKTLKYYKLGAILLALFLALPIFGIFAELFYILFQNFNTSDLTQFSSIKENLSHFFDYLFLKFIKDTFIISMGVLCLSLILGVSSAYLIANYDFYFCKILEKLLILPLAIPAYILAFVYVGIMDFQGFFHENFGFRIDFFNHYGVIFVLAISLYPYIYLFAKTAFKSEAKEAYEVAKIMKYSEFRIFTRVALLSARPAIFSGALLVLMETLSDYGASAYLGVDTFSAGIFKLWYDLNDSYSSSVLSGILMLFVFLIMYVDYYYKNKHHYSFNQNLALFIKKRKLNPIKQILSCIYCFMIAFVGFILPFIWLVYWGLKDHKLFESQFYIISFQTIILALITALITTFLAYFLMFSSRIVKNHFFNLFILKISSLGYSIPAAALGISIIVLFVFLDKFFHMSLLGNSLLVLVFAYIIRFLASAIYSLEGGYNKIHLNIDEASLNLRTSYFILFFKIHTPLMKHFLFLAFIIVFIDTIKELPLSRILAPFGFETLSVKAFWFASDERIYDAALPSLFIVFLSLMVVVWMDKITRKDDVRN*
iron_aquisition-iron_transport,ST-45.fas,56424_200,FutA1-family-iron-binding-proteins,437.4,112,35,0,0,0,MKKIFLMFLTAFSFLGASELNIYSARHYDADFEIIKKFEEKTGIKVNHTQAKASELIKRLSLEGSNSPADIFITADISNLTEAKNLGLLSPVSSKYLEEFIPAHLRDKDKEWFAITKRARIIAYNKNTNIDISKMKNYEDLAKAEFKGEIVMRSATAPYSKTLLASIIANDGNKEAKAWAKGVLENLATNPKGGDRDQARQVFAGEAKFAVMNTYYIGLLKNSKNPKDVEVGNSLGIIFPNQDNRGTHINISGIAMTKSSKNQDAAKKFMEFMLSPEIQKILTDSNYEFPIRNDVELSQTVKDFGTFKEDQIPVSKIAENIKEAVKIYDEVGFR*
iron_gene_regulation,ST-45.fas,56424_316,PF01475-Iron_dependent_repressor-fur_family,96.5,23.8,36,1,0,0,MLKKHELKATPQRLCVLKILKRHEHPNIDELYTEIKKEYPSISLATVYKNLNTLQEQGLVVEINVLNQKTCYDIYEEEHIHVVCAKCGGIEDLSFKDAKLYEYQEHLEKKIGNLVNHLSVCAYVDSCKKCH*
iron_gene_regulation,ST-45.fas,56424_390,PF01475-Iron_dependent_repressor-fur_family,145,23.8,38,0,0,0,MLIENVEYDVLLERFKKILRQGGLKYTKQREVLLKTLYHSDTHYTPESLYMEIKQAEPDLNVGIATVYRTLNLLEEAEMVTSISFGSAGKKYELANKPHHDHMICKNCGKIIEFENPIIERQQALIAKEHGFKLTGHLMQLYGVCGDCNNQKAKVKI*
iron_aquisition-siderophore_transport,ST-45.fas,56424_560,PvdR-family-sideropore-export,209.9,61,39,0,0,0,MKKKIVLIILIAILGSVGAYFIFFNNDEKISYLTQKIQKKDISQTIEAVGKVYAKDQVDVGAQVSGQIIKLYVDVGTHVKQGDLIAQIDKDKQQNDLDITKAQLESAKANLESKKVALEIASKQYQREQKLYAAKASSLENLETQKNNYYTLKANVAELNAQVVQLEITLKNAQKDLGYTTITAPMDGVVINVAVDEGQTVNANQNTPTIVRIANLDEMEVRMEIAEADVSKIKVGTELDFSLLNDPQKTYHAKIASIDPADTEVSDSSTSSSSSSSSSSSSSSSNAIYYYAKFYVPNKDDFLRIGMSIQNEIVVASAKAVLAVPTYAIKSDPKGYYVEILENQKAVKKYVKLGIKDSINTQILEGVNENEELIVSSSADGLAPKVKLRF*
iron_aquisition-siderophore_transport,ST-45.fas,56424_561,PvdT-family-siderophore-export,485.1,175,39,0,0,0,MIFLKNICKNIGENAILKNVSLSIEKGEFVAIIGQSGSGKTSLLNIIGTLDTPSSGTYIFDEYEVTKLNNDEKARLRREKIGFIFQRYNLLSLLSAKENVSLPAVYAGKKLQERSQNAKKLLNDLELAHKLDSKPNELSGGQQQRVSIARALMNGGELILADEPTGALDSKSGIMVLEILQKLNAQGHTIVLVTHDPKIAAQAKRVIEIKDGEILSDTKKEKAQEKLTLKTMSKEKKTLTLLKNQAFECFKIAYSSILAHKLRSVLTMLGIIIGIASVVCVVALGLGSQAKVLESIARLGTNTIEIRPGRGFGDLRSGKTRLNFSDLETLRSLEYLEAVDAHSNTSGVATYTNISLSARAEGVGVNNFAIEGLRIDAGRILNNDDVKNSTNVAVLDFNAKKNLFPDEKSENILGRVVLFNSQPFKIIGVLQKDTDKPIEDNVVRLYIPYTTLMNKLTGDRNLREIIVKVKDDVSSTLAENAIIRILEIKRGQKDFFTFNSDTFKQAITANKRTTTILTACVAVIALIVGGIGVMNIMLVSVSERTREIGIRMAIGARREDIMMQFLIEAVMICTIGAILGVILSIFVIFAFNTLSTDFPMILNAYSVLLGLLSSMFIGVVFGFFPARNAANLNPISALSKE*
iron_storage,ST-45.fas,56424_566,PF00210-Ferritin_like_domain,120.7,44,39,0,0,0,MLSKEVVKLLNEQINKEMYAANLYLSMSSWCYENSLDGAGAFLFAHASEESDHAKKLITYLNETDSHVELQEVKQPEQNFKSLLDVFEKTYEHEQFITKSINTLVEHMLTHKDYSTFNFLQWYVSEQHEEEALFRGIVDKIKLIGEHGNGLYLADQYIKNIALSRKK*
iron_aquisition-siderophore_transport,ST-45.fas,56424_1186,FpvE-family-permease,226.1,25.8,41,0,0,0,MLIALLLFFGMISLFIGVISINVKDILNLNSTQLEIITLTRIPRLIAILLTGMSLSICGLIMQQLTQNKFVSPTTAGTMDCAKFGILISLIFFAGASFFTQAIIASIFALLGSFIFIQILRKIKLKDVIFVPLIGLMFGGIISAITTFFAYALNYIQNIQGWLQGSMANVMQGNYELLYISLPLFILAYFLAHKITIVGMGEDVALNLGISYNGILFLGLMIVSIITSLVIVSVGIIPFLGLIIPNLVALYLGDNLRKNLIYIALCGALFLLVCDIISRLVIFPFEMPLSITTGVLGSLIFIFLLLKRKVYA*
iron_aquisition-siderophore_transport,ST-45.fas,56424_1187,FpvE-family-permease,157.2,25.8,41,0,0,0,MRKKMLILSFLTLGMIGIFILVGLNGFDEYALKSRFLQIAAIIIVAICIAVSTVIFQTLCNNKILTPAIIGLDSLYMLLQSALIFSFGAANLSVYKNDINFLITLVCMVVFSLGLYKILFSSDRSIYLIMLLGLVFGTLFSTLSSFFEVLIDPDEFMVIQGRMFASFDNIAFDILILAYIISFLSFIWIFRYMKFLDPLNLGKDLAINLGINYQKISKQLMIIIAILTSISTALVGPITFLGLLVANITYELFKTAKHSILLSACILISILALLGGVFFVSRVFDYNATISVVINFLGGIYFIYLVLKGNKL*
iron_aquisition-siderophore_transport,ST-45.fas,56424_1188,PvuD-family-ATP-binding-protein,240.5,172,41,0,0,0,MIKLKNITKFYDNKAIISDLSLDFHKGKITSIIGANGAGKSTLLALASRLIKPSSGEIYIDGMKLKDYKEQILAQKISILKQQNNINLRLKVEELVAFGRFPHSQGRLNANDKIKINEALEYMGLSNLRNEFLDTLSGGQKQRAFIAMIIAQDTEFIMFDEPLNNLDMKHSVQIMQLMKNLVKDFNKSIAVVLHDINFASIYSDEIIALKDGKLLKQGSKDEIINQENLKQIYDMDIPVSQIDGKKICIYF*
iron_aquisition-siderophore_transport,ST-45.fas,56424_1189,HatD-family-substrate-binding-protein,162,27.5,41,0,0,0,MKKSLVFAFFAFFLSLILTACNSNSNENNASSTTKTNTATMKVLPISMSDEGDSFLVKDSLGENKIPKNPSKVVILDLGILDTFDALKLNDKVAGVPAKNLPKYLQQFKNKPSVGGVQQVDFEAINALKPDLIIISGRQSKFYDKLKEIAPTLFVGLDNANFLSSFENNVLSVAKLYGLEKEALEKISDIKNEIEKAKSIVDEDKKALIILTNSNKISAFGPQSRFGIIHDVLGINAVDENIKVGTHGKSINSEFILEKNPDYIFVIDRNIIVGNKERAQGILDNALVAKTKAAQNKKIIYLDPEYWYLASGNGLESLKTMILEIKNAVK*
iron_aquisition-iron_transport,ST-45.fas,56424_1222,FeoA-family-iron-transporter,44.9,21,42,0,0,0,MTLNELKDGQKAIIVNLNAHKELKNRLLSFGFIKNKNLKKIHSSLKNATIMVELDTSCVILRSDEAKTIEVNLI*
iron_aquisition-iron_transport,ST-45.fas,56424_1223,FeoB-family-iron-transporter,222.2,28,42,0,0,0,MKKIKIALVGQPNVGKSLLINALCKANMKVGNFSGVTIEKASAKTFYKNYEFEVIDLPGTYSLDGYSEEEKITRHFLNQNDYDVIVNVLDATNLERNLILSAELLSLNKKMLLALNMCDEAKKEGIELDTSVLSQEFQSQVVEISAKTKENLELLLQKIIILFESKFIPRSQFYTPLCEKSPEKEDLLYFINELSKKIITHKKEERNLTKKIDALLIHKFFGLPIFLFLMWLLFQLTFSLGQIPMDYIESGFNTLGEFVKNNISNTFIASALADGIIAGVGAVILFLPNIMILFLGIALLETTGYMSRVAFLLDGILHKFGLHGKSFIPLITGFGCSVPAFMATRTLKNKRDRLLTLFVINFMSCGARLPVYVLFIGAFFPSEKAGNYLFGIYILGAILGLCAAKFLRMTAFRGLDEPFVMEMPKYRMPNWHLVWFMVYNKAKMYLKKAGTFILLASLLIWFASNFPKSEENLNDFNAQERAIEQSYLGQFGKGIEPIFKPLELDWKLSVSLISGLAAKEVMISTMGVLYSLGKDVDETNNDLKGIIAKNIPIPSAVAFILFVMIYNPCFAATIVFSKESGKLKYTLFLFLFTCTSAYIVAFIGLYIAKILLN*
iron_storage,ST-45.fas,56424_1315,PF00210-Ferritin_like_domain,78.8,44,43,0,0,0,MSVTKQLLQMQADAHHLWVKFHNYHWNVKGLQFFSIHEYTEKAYEEMAELFDSCAERVLQLGEKAITCQKVLMENAKSPKVAKDCFTPLEVIELIKQDYEYLLAEFKKLNEAAEKESDTTTAAFAQENIAKYEKSLWMIGATLQGACKM*
iron_aquisition-siderophore_synthesis,ST-45.fas,56424_1347,PchH-family-siderophore-synthesis,39.8,24,44,0,0,0,MLKVCNLSKFYELKKHWYLKKERHIIFDNINFSLNENDNLIILGKSGAGKSTLARILCFLEDPSEGEVWYENLNLHKLDKNKQRLLRKQIQYCFQDQKMALNPYKKIKSLIQDGLENFNLQKNDDLILEFFDFFNLKKQILEQKPYELSGGEATRVGIIRALVLNPKLLILDEITSALDIKTSKEILTFLYDYQQKNNISYIFITHQSDLFYKFNHKKLKL*
iron_aquisition-siderophore_synthesis,ST-45.fas,56424_1348,PchI-family-siderophore-synthesis,36.3,24,44,0,0,0,MKVRNLNISLKNNLLLKDINLDIKTGKTLMILGQSGVGKSLLGKALVRLLDSNFTINFDELSFHNSCIFNFNKEELRNFRSKVALVLQDAELSLYPYLDIGNLCHLVLKTHTKLKQKERKDYAFSYFQKLGFENLDRLWHSYANELSLGMARRVSLALALLNQPQILICDEITASLDKENASKIISILEELKNTTALVCITHDLNLVNSLADEILMLEKNSSNLYSLDEFLRYYNA*
iron_aquisition-siderophore_synthesis,ST-45.fas,56424_1353,PvdE-family-siderophore-synthesis,285.2,120,44,0,0,0,MPFIMELLKQNKLKLISFLLFSFITSAVGVLTLVFINDYLLKNAQNIPIFYFIVLLLIFFISSTIVELGLSIFGQNFIFKMQRRVVKQILDTPLLRVAKVGKARILASLGSDVRNISFGLLRLPDFLQSSILILCTSVYLCYLSPQIFALCVVWIMVIFITNNFLMMKVYQYFRKARENDDALQNNYQNILDGHKELLINRDRAKLYYEDEFENNARLKKKNSTLGNLFNNLSNNWTNVTLLALVGVEFYLALKFEWASVADATTIALSILFLRTPLVSMIGSFPTLLLAKIALDKIAKLELDDYIEGFKKTHYISEWKKISFRNTQFAYEENFHLNPVNIELKKGELVFLIGKNGSGKSTFCMLLTGLFKPSKGGIYVDDTLIDDKNVDEYRSLISAVFSDFHLFTKTLNKENFASEEKIAFWLEFLELKNKTSVKDNELTLTKLSTGQKKRLAMLIALLEERDILVLDEWAADQDPVFRRFFYKKLLPLLKEQGKTIFAITHDDAYFDSADRIFLAQNGEISELKGENIKELAKNLVEKFD*
iron_aquisition-siderophore_transport,ST-45.fas,56424_1373,PirA-family-siderophore-receptor,57.6,21.1,45,0,0,0,MHPNKKAFKLSLFALLLITNLNAQESNEAINLQKVVVSATGFEQDADSNLRNVISIEGKDLQNKGYVSLEQALERISGISFVNFGLGRNIDMRGQGDKSNIAVKVMIDGRAINVLDNSHGVTPLDSINLDNVERIEIIPGGGSVLYGSGTRGGVINIITKKQKSDAFAINLKSSAYDHGGLGGNLGINGAKQINENLAFSFDIQSFNLDGYQEGYNEKGYFINTKTYIDINDNSDLTLGYDYFKSKNTSSGYLTKAQAQSDPTQKGNSDNITQINRPEISLDYHYYFDDIWEFNLEAFWQNQKIDYLKDEISMMGTTAYQNGSGFEDTLTGISLKNKLNYANNSYFIFGYEFTNHDAKRKSLVYYSVPGVINYHRMTTLMDMTKQSHSIFALNSHNFNEFFTLSGGARYEFSTYDTDRSYRNEMSMNIPRPPSDSTTLFDTNKNTNNFAFEITPNFKYSDTGNLYLKYERGFVSPAPAQFVNRNKTGNGIPPYYSSNLKAEIFDTFELGIDDFWWDFYGFNLTLFYTLSKDEISYLGNPHSTSGSWWKYYNIDQTRRLGVELSLSQNFLDDDLIFRESLTYLDAKISKGVNDGMRIPYVSKIKATAGLEYAWNKNFSNFIDLTYFSRAKDGGTIDENTGKMSKNSWIRDYFLTDIGMKYNYKKLQILAGIRNLFDKRYYTYQDSINDQYLVGNGRNYYVEFKYAF*
iron_aquisition-siderophore_transport,ST-45.fas,56424_1374,FpvE-family-permease,285.5,25.8,45,0,0,0,MLNLNTHSKILVIIGLLVAYIIASFTALCLGDENLNPKELFSYIFSQDEILRQIIIDGRLPRIIMAILIGMLLASSGAITQNVFSNPIADPYIIGIASAATFGAVLAYLLKLNDYYYGILGFVCSAFFALGVFKISSKASIATLLIIGIAASSFLGAFTSFFTYLIGEDSFKIVAWLMGNIGNASWFRVGILILPLIFCLFYFYAHKNELNILLSGDDEARNLGVNAQKLKINLLIVSSLAVSFAVAFSGLIGFVGLIIPHTIRLLLKNYDNALVIPLCTAFGGLFLLICDTLARTLLAPVQIPIGILTAFFGAPIFLYLALSARRFL*
iron_aquisition-siderophore_transport,ST-45.fas,56424_1375,PvuD-family-ATP-binding-protein,188.6,172,45,0,0,0,MLKIQDLSFAYHQKDLLKNIHLELKNQAFIGILGPNGSGKSTLLKLILKNLSPNKGEISLFNTNIKDFSLKEFAKICGFVPQKSELNTPLKVIDVLLMSKYANLKHAFSSYSKEDILEIKEFAKDLRLENFLERSILSLSGGEFQRMLLARALLKKPKILFLDEPTSALDLNYAIELLSLCEKLVKEKNIAVVAILHDLNLASMFCDKILFLKEGEIKYFGTSKELFTQEILKEIYDLNCEIIYKNSKPYILALKEKK*
iron_aquisition-siderophore_transport,ST-45.fas,56424_1376,HatD-family-substrate-binding-protein,113,27.5,45,0,0,0,MKKILIIMSLFLITLNAKERLVVLDPASIETLFMLKAEDQIVGIATLQHSNIYPKDQTSKLTSVGTFSNPSLEKIVALKPSLVILSSYSLNLEEGLKNFGIKSINLKAERLEDITKNITTLGQITKKEKEAEFLKQEFTQNLKKLSDKPLNKSAIYLYSSNPLMAFNDNSLIADILRLIGIKNLSPQSQISRPVISAEYILKQNPDILILGINAKNNLLDTNALLKNTKAVKTGSIYFNKDTHILLRLSPKIIDRIQEFKTKLENNNF*
iron_aquisition-siderophore_transport_potential,ST-45.fas,56424_1387,ExbB-family,120.9,22.3,46,0,0,0,MEFLKDYIDLIIFLILGIMAFIAFWCVVERMLFFRKINFKNYENQEQFDDAISENLTTIYIIYSNAPYIGLLGTVIGIMVTFYEMGLAGNIDVKSIVVGLSLALKATALGLLVAIPALMAYNALLRKVSLLSNAYKANKNA*
iron_aquisition-siderophore_transport_potential,ST-45.fas,56424_1388,ExbD-family,74.1,32.7,46,0,0,0,MLKLPKNEGLNIVPFIDIMLVLLAIVLSISTFIAHGKIQISLPSSENATNISNNEKKLLITIDEKNTFYLNDKLADLNEVQNAIFSLDKKTIVELKSDKNAKFESFVKIIDFLKAKEHENFQILTEKNK*
iron_aquisition-siderophore_transport_potential,ST-45.fas,56424_1389,TonB-family,68.4,24.6,46,0,0,0,MKTLFLNHKYQASYITFIVFIPLLFVIFHSNDFFKMEIKNEDSFSLAIKQFTQTNPTNETKPTESIIEPIKPKPQPKVIKKTPEKIQKKIKKTPPHPIPNKTPIAPTQEVKTFTKTTDTNVKPKITQLTQGKDNHPVLKEIQKAIQQAQFYPRQAKKMRMQGTVKVEFLWKENKTLADLKIIESSGYDLLDKSALESIRKASLNFPQYNGDLRITLPIIYDFKTLRG*
iron_aquisition-siderophore_transport_potential,ST-45.fas,56477_139,ExbB-family,94.2,22.3,49,0,0,0,MNFEAIFHFFNSSSIITYIVLLWLSLYFILAFSILFARLTYLATWRNKEKESLETLLLGEKDLSRTDSILRKCNDTTSNHLEIYKNLASRRASAGLTWLSIIASTSPFIGLFGTVISILETFGGLGTQNSLSIIAPKISEALVATGCGILVAIPAYTFHLIIKRKAFELLSIIDSEIKVISSSK*
iron_aquisition-siderophore_transport_potential,ST-45.fas,56477_140,ExbD-family,97.2,32.7,49,0,0,0,MPFDDEKPELNITPLVDIMLVLLAILMVTAPSITYEEKINLPQGSQKNTSAPTVKSLIISINAKKEIFLNQEKYDFISFADNLAQRKAQFNTEDPVFIRADKSLKYDDVISVLRSVKNLGFNKVALQTE*
iron_aquisition-siderophore_transport_potential,ST-45.fas,56477_141,TonB-family,47.6,21.8,49,0,0,0,MKNYGLSNLNSFLLALAIYISIVILVFFRLVSEVEPAIQYTDIKDSFVDIELAEPSKQVITQSNAPKEIQKPTEQIDIEKLFAQTTNKTVKTEDIDQKASNFNELFGNIKEIQEEKTTKIQSSAKSGASSAPKPQASELVKQLNDSLLQEESSTQGESTKAQKIGIYDEFLGKVVRIITQRWTQYYPNSEKISVKVKIFIDENGKFGYTSVEKSGNPLYDAKVAEFLESQKGKFITYPPQNKNISITMNLRDEAKVKND*
iron_aquisition-siderophore_transport,ST-45.fas,56477_168,FpvE-family-permease,39.5,25.8,50,0,0,0,MLEILNFTFFQNALLGAILVSIACGIIGTLVMINRLFSMAGGITHGAFGGIGIAFYFSLPILLSTGIFTLFLAFLVAFLAKHYEHRSDSIIAVIWAFGMAVGIILIDLSPSYNTDLMAYLFGSILAVGTQDLWLMALVDSVVVLLIFLFYRQFEALSFDAEFAKVRGINTSFFHYLLIALMAFCIVISIRLVGLILVMALLSIPSFIAENFTKRLGFIMILASFLSMIFCVLGLILSYYLNLSSGACIIAVACFGFLAHLIGKFLKR*
iron_aquisition-siderophore_transport,ST-45.fas,56477_170,FpvC-family-siderophore-transport,54.8,18.5,50,0,0,0,MKKIILFILSLGIFYTFTQAKNLEQEQNTSSNLVSVSIAPQAFFVKKIAADTLDVNVILPPNSNEHNFEFKPSTMKKLEKSDIYFTIGLEFEKVFTDKFKQNFPKLQVVNMQKNIALIQTHDIHEHSHEHEEHEHFDPHTWLDPILVQTMALNIYDALIQKYPQNKNLYKQNLDKFLAELDSLNLQIASKLEKLKNREFVVYHPSWTYFAKRYNLTQIPVEILGKEPKSKDLQKLITLMKDKNLKVIFVQNGFPENAAKTLAKECDAKIYKIDHLSYDWENELLKTADAFSRNL*
iron_aquisition-iron_transport,ST-45.fas,56477_195,YfeB-family-membrane-proteins,54.4,50.9,51,0,0,0,MLEIKNLSKNFGKIQALENINLHVKEGEFLSILGGSGSGKSTLLRIIAKLEQASSYDLFSCKGEVALMFQNYALFPHLNVEKNILFALYDKKDKNQILNHLLKTFEIEDLRYKKIDEISGGQAQRVAFARAIARGCKLLLLDEPFSNLDQNLKQDLRRELKKIIENQGITAIMVTHDIEDAYCMSDQIAFLEKGKILAHANPKELYFKPDFKSAQILPDLNIIEKKLDLEDEFFAWIASKNYIFGYAELKIGNRFEAKILQKEFLGAFYRLKLRYKNIEFFMLLSSNYNLEEKINFDIINF*
iron_aquisition-iron_transport,ST-45.fas,56477_196,FbpB-FutB-family-iron-permease,184.6,118,51,0,0,0,MYKTLKYYKLGAILLALFLVLPIFGIFAELFYILFQNFNTSDLTQFSSIKENLSHFFDYLFLKFIKDTFIISVGVLCLSLILGVSSAYLIANYDFYFCKILEKLLILPLAIPAYILAFVYVGIMDFQGFFHENFGFRIDFFNHYGVIFVLAISLYPYIYLFAKTAFKSEAKEAYEVAKIMKYSEFRIFTRVALLSARPAIFSGALLVLMETLSDYGASAYLGVDTFSAGIFKLWYDLNDSYSSSVLSGILMLFVFLIMYVDYYYKNKHHYSFNQNLALFIKKRKLNPIKQILSCIYCFMIAFVGFILPFIWLVYWGLKDHKLFESQFYIISFQTIILALVTALITTFLAYFLMFSSRIVKNHFFNLFILKISSLGYSIPAAALGISIIVLFVFLDKIFHMSLLGNSLLVLVFAYVIRFLASAIYSLEGGYNKIHLNIDEASLNLRTSYFILFFKIHTPLMKHFLFLAFIIVFIDTIKELPLSRILAPFGFETLSVKAFWFASDERIYDAALPSLFIVFLSLMVVVWMDKITRKDDVRN*
iron_aquisition-iron_transport,ST-45.fas,56477_197,FutA1-family-iron-binding-proteins,436.6,112,51,0,0,0,MKKIFFMFLTAFSFLGASELNIYSARHYDADFEIIKKFEEKTGIKVNHTQAKASELIKRLSLEGSNSPADIFITADISNLTEAKNLGLLSPVSSKYLEEFIPAHLRDKDKEWFAITKRARIIAYNKNANIDISKMKNYEDLAKAEFKGEIVMRSATAPYSKTLLASIIANDGNKEAKAWAKGVLDNLATNPKGGDRDQARQVFAGEAKFAVMNTYYIGLLKNSKNPKDVEVGNSLGIIFPNQDNRGTHINISGIAMTKSSKNQDAAKKFMEFMLSPEIQKILTDSNYEFPIRNDVELSQTVKDFGTFKEDQIPVSKIAENIKEAVKIYDEVGFR*
iron_gene_regulation,ST-45.fas,56477_311,PF01475-Iron_dependent_repressor-fur_family,96.9,23.8,52,1,0,0,MLKKHELKATPQRLCVLKILKRHEHPNIDELYTEIKKEYPSISLATVYKNLNTLQEQGLVVEINVLNQKTCYDIYEEEHIHVVCTKCGGIEDLSFKDAKLYEYQEHLEKKIGNLVNHLSVCAYVDSCKKCH*
iron_gene_regulation,ST-45.fas,56477_384,PF01475-Iron_dependent_repressor-fur_family,145,23.8,53,0,0,0,MLIENVEYDVLLERFKKILRQGGLKYTKQREVLLKTLYHSDTHYTPESLYMEIKQAEPDLNVGIATVYRTLNLLEEAEMVTSISFGSAGKKYELANKPHHDHMICKNCGKIIEFENPIIERQQALIAKEHGFKLTGHLMQLYGVCGDCNNQKAKVKI*
iron_aquisition-siderophore_transport,ST-45.fas,56477_553,PvdR-family-sideropore-export,209.9,61,54,0,0,0,MKKKIVLIILIAILGSVGAYFIFFNNDEKISYLTQKIQKKDISQTIEAVGKVYAKDQVDVGAQVSGQIIKLYVDVGTHVKQGDLIAQIDKDKQQNDLDITKAQLESAKANLESKKVALEIASKQYQREQKLYAAKASSLENLETQKNNYYTLKANVAELNAQVVQLEITLKNAQKDLGYTTITAPMDGVVINVAVDEGQTVNANQNTPTIVRIANLDEMEVRMEIAEADVSKIKVGTELDFSLLNDPQKTYHAKIASIDPADTEVSDSSTSSSSSSSSSSSSSSSNAIYYYAKFYVPNKDDFLRIGMSIQNEIVVASAKAVLAVPTYAIKSDPKGYYVEILENQKAVKKYVKLGIKDSINTQILEGVNENEELIVSSSADGLAPKVKLRF*
iron_aquisition-siderophore_transport,ST-45.fas,56477_554,PvdT-family-siderophore-export,482.4,175,54,0,0,0,MIFLKNICKNIGENAILKNVSLSIEKGEFVAIIGQSGSGKTSLLNIIGTLDTPSSGTYIFDEYEVTKLNNDEKARLRREKIGFIFQRYNLLSLLSAKENVSLPAVYAGKKLQERSQNAKKLLNDLELAHKLDSKPNELSGGQQQRVSIARALMNGGELILADEPTGALDSKSGIMVLEILQKLNAQGHTIVLVTHDPKIAAQAKRVIEIKDGEILSDTKKEKAQEKLTLKTMSKEKKTLTLLKNQAFECFKIAYSSILAHKLRSVLTMLGIIIGIASVVCVVALGLGSQAKVLESIARLGTNTIEIRPGRGFGDLRSGKTRLNFSDLETLRSLEYLEAVDAHSNTSGVATYTNISLSARAEGVGVNNFAIEGLRIDAGRILNNDDVKNSTNVAVLDFNAKKNLFPDEKSENILGRVVLFNSQPFKIIGVLQKDTDKPIEDNVVRLYIPYTTLMNKLTGDRNLREIIVKVKDDVSSTLAENAIIRILEIKRGQKDFFTFNSDTFKQAITANKRTTTILTACVAVIALIVGGIGVMNIMLVSVSERTREIGIRMAIGARREDIMMQFLIEAVVICTIGAILGVILSIFVIFAFNTLSTDFPMILNAYSVLLGLLSSMFIGVVFGFFPARNAANLNPISALSKE*
iron_storage,ST-45.fas,56477_559,PF00210-Ferritin_like_domain,120.7,44,54,0,0,0,MLSKEVVKLLNEQINKEMYAANLYLSMSSWCYENSLDGAGAFLFAHASEESDHAKKLITYLNETDSHVELQEVKQPEQNFKSLLDVFEKTYEHEQFITKSINTLVEHMLTHKDYSTFNFLQWYVSEQHEEEALFRGIVDKIKLIGEHGNGLYLADQYIKNIALSRKK*
iron_aquisition-siderophore_transport,ST-45.fas,56477_1163,FpvE-family-permease,223.7,25.8,56,0,0,0,MISLFIGVISINVKDILNLNSTQLEIITLTRIPRLIAILLTGMSLSICGLIMQQLTQNKFVSPTTAGTMDCAKFGILISLIFFAGASFFTQAIIASVFALLGSFIFIQILRKIKLKDVIFVPLIGLMFGGIISAITTFFAYALNYIQNIQGWLQGSMANVMQGNYELLYISLPLFILAYFLAHKITIVGMGEDVALNLGISYNGILFLGLMIVSIITSLVIVSVGIIPFLGLIIPNLVALYLGDNLRKNLIYIALCGALFLLVCDIISRLVIFPFEMPLSITTGVLGSLIFIFLLLKRKVYA*
iron_aquisition-siderophore_transport,ST-45.fas,56477_1164,FpvE-family-permease,157.2,25.8,56,0,0,0,MRKKMLILSFLTLGMIGIFILVGLNGFDEYALKSRFLQIAAIIIVAICIAVSTVIFQTLCNNKILTPAIIGLDSLYMLLQSALIFSFGAANLSVYKNDINFLITLVCMVVFSLGLYKILFSSDRSIYLIMLLGLVFGTLFSTLSSFFEVLIDPDEFMVIQGRMFASFDNIAFDILILAYIISFLSFIWIFRYMKFLDPLNLGKDLAINLGINYQKISKQLMIIIAILTSISTALVGPITFLGLLVANITYELFKTAKHSILLSACILISILALLGGVFFVSRVFDYNATISVVINFLGGIYFIYLVLKGNKL*
iron_aquisition-siderophore_transport,ST-45.fas,56477_1165,PvuD-family-ATP-binding-protein,240.5,172,56,0,0,0,MIKLKNITKFYDNKAIISDLSLDFHKGKITSIIGANGAGKSTLLALASRLIKPSSGEIYIDGMKLKDYKEQILAQKISILKQQNNINLRLKVEELVAFGRFPHSQGRLNANDKIKINEALEYMGLSNLRNEFLDTLSGGQKQRAFIAMIIAQDTEFIMFDEPLNNLDMKHSVQIMQLMKNLVKDFNKSIAVVLHDINFASIYSDEIIALKDGKLLKQGSKDEIINQENLKQIYDMDIPVSQIDGKKICIYF*
iron_aquisition-siderophore_transport,ST-45.fas,56477_1166,HatD-family-substrate-binding-protein,162,27.5,56,0,0,0,MKKSLVFAFFAFFLSLILTACNSNSNENNASSTTKTNTATMKVLPISMSDEGDSFLVKDSLGENKIPKNPSKVVILDLGILDTFDALKLNDKVAGVPAKNLPKYLQQFKNKPSVGGVQQVDFEAINALKPDLIIISGRQSKFYDKLKEIAPTLFVGLDNANFLSSFENNVLSVAKLYGLEKEALEKISDIKNEIEKAKSIVDEDKKALIILTNSNKISAFGPQSRFGIIHDVLGINAVDENIKVGTHGKSINSEFILEKNPDYIFVIDRNIIVGNKERAQGILDNALVAKTKAAQNKKIIYLDPEYWYLASGNGLESLKTMILEIKNAVK*
iron_aquisition-iron_transport,ST-45.fas,56477_1198,FeoA-family-iron-transporter,44.9,21,57,0,0,0,MTLNELKDGQKAIIVNLNAHKELKNRLLSFGFIKNKNLKKIHSSLKNATIMVELDTSCVILRSDEAKTIEVNLI*
iron_aquisition-iron_transport,ST-45.fas,56477_1199,FeoB-family-iron-transporter,222.2,28,57,0,0,0,MKKIKIALVGQPNVGKSLLINALCKANMKVGNFSGVTIEKASAKTFYKNYEFEVIDLPGTYSLDGYSEEEKITRHFLNQNDYDVIVNVLDATNLERNLILSAELLSLNKKMLLALNMCDEAKKEGIELDTSVLSQEFQSQVVEISAKTKENLELLLQKIIILFESKFIPRSQFYTPLCEKSPEKEDLLYFINELSKKIITHKKEERNLTKKIDALLIHKFFGLPIFLFLMWLLFQLTFSLGQIPMDYIESGFNTLGEFVKNNISNTFIASALADGIIAGVGAVILFLPNIMILFLGIALLETTGYMSRVAFLLDGILHKFGLHGKSFIPLITGFGCSVPAFMATRTLKNKRDRLLTLFVINFMSCGARLPVYVLFIGAFFPSEKAGNYLFGIYILGAILGLCAAKFLRMTAFRGLDEPFVMEMPKYRMPNWHLVWFMVYNKAKMYLKKAGTFILLASLLIWFASNFPKSEENLNDFNAQERAIEQSYLGQFGKGIEPIFKPLELDWKLSVSLISGLAAKEVMISTMGVLYSLGKDVDETNNDLKGIIAKNIPIPSAVAFILFVMIYNPCFAATIVFSKESGKLKYTLFLFLFTCTSAYIVAFIGLYIAKILLN*
iron_storage,ST-45.fas,56477_1297,PF00210-Ferritin_like_domain,78.8,44,58,0,0,0,MSVTKQLLQMQADAHHLWVKFHNYHWNVKGLQFFSIHEYTEKAYEEMAELFDSCAERVLQLGEKAITCQKVLMENAKSPKVAKDCFTPLEVIELIKQDYEYLLAEFKKLNEAAEKESDTTTAAFAQENIAKYEKSLWMIGATLQGACKM*
iron_aquisition-siderophore_synthesis,ST-45.fas,56477_1327,PchH-family-siderophore-synthesis,41.2,24,59,0,0,0,MLKVCNLSKFYELKKHWYLKKERHIIFDNINFSLNENDNLIILGKSGAGKSTLARILCFLEDPSEGEVWYENLNLHKLDKNKQRLLRKQIQYCFQDQKMALNPYKKIKNLIQDGLENFNLQKNDDLILEFFDFFSLKKQILKQKPYELSGGEATRVGLIRALVLNPKLLILDEITSALDIKTSKEILTFLYDYQQKNNISYIFITHQSDLFYKFNHKKLKL*
iron_aquisition-siderophore_synthesis,ST-45.fas,56477_1328,PchI-family-siderophore-synthesis,36.6,24,59,0,0,0,MKVRNLNISLKNNLLLKDINLDIKTGKTLMILGQSGVGKSLLGKALVRLLDSNFTISFDELSFHNSCIFNFNKEELRNFRSKVALVLQDAELSLYPYLDIGNLCHLVLKTHTKLKQKERKDYAFSYFQKLGFENLDRLWHSYANELSLGMARRVSLALALLNQPQILICDEITASLDKENASKIISILEELKNTTALVCITHDLNLVNSLADEILMLEKNSSNLYSLNEFLRYYNA*
iron_aquisition-siderophore_synthesis,ST-45.fas,56477_1333,PvdE-family-siderophore-synthesis,285.9,120,59,0,0,0,MPFIIELLKQNKLKLISFLLFSFITSAVGVLTLVFINDYLLKNAQNIPIFYFIVLLLIFFISSTIVELGLSIFGQNFIFKMQRRVVKQILDTPLLRVAKVGKARILASLGSDVRNISFGLLRLPDFLQSSILILCTSVYLCYLSPQIFVLCVVWIMVIFITNNFLMMKVYQYFRKARENDDALQNNYQNILDGHKELLINRDRAKLYYEDEFENNARLKKKNSTLGNLFNNLSNNWTNVTLLALVGVEFYLALKFEWASVADATTIALSILFLRTPLVSMIGSFPTLLLAKIALDKIAKLELDDYIEGFKKTHYISEWKKISFRNTQFAYEENFHLNPVNIELKKGELVFLIGKNGSGKSTFCMLLTGLFKPSKGGIYVDDTLIDDKKLDEYRSLISAVFSDFHLFTKTLNKENFASEEKIAFWLEFLELKDKTSVKDNELTLTKLSTGQKKRLAMLIALLEERDILVLDEWAADQDPVFRRFFYKKLLPLLKEQGKTIFAITHDDAYFDSADRIFLAQNGEISELKGENIKELAKNLVEKFD*
iron_aquisition-siderophore_transport,ST-45.fas,56477_1353,PirA-family-siderophore-receptor,57.6,21.1,60,0,0,0,MHPNKKAFKLSLFALLLITNLNAQESNEAINLQKVVVSATGFEQDADSNLRNVISIEGKDLQNKGYVSLEQALERISGISFVNFGLGRNIDMRGQGDKSNIAVKVMIDGRAINVLDNSHGVTPLDSINLDNVERIEIIPGGGSVLYGSGTRGGVINIITKKQKSDAFAINLKSSAYDHGGLGGNLGINGAKQINENLAFSFDIQSFNLDGYQEGYNEKGYFINTKTYIDINDNSDLTLGYDYFKSKNTSSGYLTKAQAQSDPTQKGNSDNITQINRPEISLDYHYYFDDIWEFNLEAFWQNQKIDYLKDEISMMGTTAYQNGSGFEDTLTGISLKNKLNYANNSYFIFGYEFTNHDAKRKSLVYYSVPGVINYHRMTTLMDMTKQSHSIFALNSHNFNEFFTLSGGARYEFSTYDTDRSYRNEMSMNIPRPPSDSTTLFDTNKNTNNFAFEITPNFKYSDTGNLYLKYERGFVSPAPAQFVNRNKTGNGIPPYYSSNLKAEIFDTFELGIDDFWWDFYGFNLTLFYTLSKDEISYLGNPHSTSGSWWKYYNIDQTRRLGVELSLSQNFLDDDLIFRESLTYLDAKISKGVNDGMRIPYVSKIKATAGLEYAWNKNFSNFIDLTYFSRAKDGGTIDENTGKMSKNSWIRDYFLTDIGMKYNYKKLQILAGIRNLFDKRYYTYQDSINDQYLVGNGRNYYVEFKYAF*
iron_aquisition-siderophore_transport,ST-45.fas,56477_1354,FpvE-family-permease,285.5,25.8,60,0,0,0,MLNLNTHSKILVIIGLLVAYIIASFTALCLGDENLNPKELFSYIFSQDEILRQIIIDGRLPRIIMAILIGMLLASSGAITQNVFSNPIADPYIIGIASAATFGAVLAYLLKLNDYYYGILGFVCSAFFALGVFKISSKASIATLLIIGIAASSFLGAFTSFFTYLIGEDSFKIVAWLMGNIGNASWFRVGILILPLIFCLFYFYAHKNELNILLSGDDEARNLGVNAQKLKINLLIVSSLAVSFAVAFSGLIGFVGLIIPHTIRLLLKNYDNALVIPLCTAFGGLFLLICDTLARTLLAPVQIPIGILTAFFGAPIFLYLALSARRFL*
iron_aquisition-siderophore_transport,ST-45.fas,56477_1355,PvuD-family-ATP-binding-protein,188.6,172,60,0,0,0,MLKIQDLSFAYHQKDLLKNIHLELKNQAFIGILGPNGSGKSTLLKLILKNLSPNKGEISLFNTNIKDFSLKEFAKICGFVPQKSELNTPLKVIDVLLMSKYANLKHAFSSYSKEDILEIKEFAKDLRLENFLERSILSLSGGEFQRMLLARALLKKPKILFLDEPTSALDLNYAIELLSLCEKLVKEKNIAVVAILHDLNLASMFCDKILFLKEGEIKYFGTSKELFTQEILKEIYDLNCEIIYKNSKPYILALKEKK*
iron_aquisition-siderophore_transport,ST-45.fas,56477_1356,HatD-family-substrate-binding-protein,113,27.5,60,0,0,0,MKKILIIMSLFLITLNAKERLVVLDPASIETLFMLKAEDQIVGIATLQHSNIYPKDQTSKLTSVGTFSNPSLEKIVALKPSLVILSSYSLNLEEGLKNFGIKSINLKAERLEDITKNITTLGQITKKEKEAEFLKQEFTQNLKKLSDKPLNKSAIYLYSSNPLMAFNDNSLIADILRLIGIKNLSPQSQISRPVISAEYILKQNPDILILGINAKNNLLDTNALLKNTKAVKTGSIYFNKDTHILLRLSPKIIDRIQEFKTKLENNNF*
iron_aquisition-siderophore_transport_potential,ST-45.fas,56477_1367,ExbB-family,120.9,22.3,61,0,0,0,MEFLKDYIDLIIFLILGIMAFIAFWCVVERMLFFRKINFKNYENQEQFDDAISENLTTIYIIYSNAPYIGLLGTVIGIMVTFYEMGLAGNIDVKSIVVGLSLALKATALGLLVAIPALMAYNALLRKVSLLSNAYKANKNA*
iron_aquisition-siderophore_transport_potential,ST-45.fas,56477_1368,ExbD-family,74.1,32.7,61,0,0,0,MLKLPKNEGLNIVPFIDIMLVLLAIVLSISTFIAHGKIQISLPSSENATNISNNEKKLLITIDEKNTFYLNDKLADLNEVQNAIFSLDKKTIVELKSDKNAKFESFVKIIDFLKAKEHENFQILTEKNK*
iron_aquisition-siderophore_transport_potential,ST-45.fas,56477_1369,TonB-family,68.4,24.6,61,0,0,0,MKTLFLNHKYQASYITFIVFIPLLFVIFHSNDFFKMEIKNEDSFSLAIKQFTQTNPTNETKPTESIIEPIKPKPQPKVIKKTPEKIQKKIKKTPPHPIPNKTPIAPTQEVKTFTKTTDTNVKPKITQLTQGKDNHPVLKEIQKAIQQAQFYPRQAKKMRMQGTVKVEFLWKENKTLADLKIIESSGYDLLDKSALESIRKASLNFPQYNGDLRITLPIIYDFKTLRG*
iron_aquisition-siderophore_transport_potential,ST-45.fas,39865_139,ExbB-family,94.2,22.3,64,0,0,0,MNFEAIFHFFNSSSIITYIVLLWLSLYFILAFSILFARLTYLATWRNKEKESLETLLLGEKDLSRTDSILRKCNDTTSNHLEIYKNLASRRASAGLTWLSIIASTSPFIGLFGTVISILETFGGLGTQNSLSIIAPKISEALVATGCGILVAIPAYTFHLIIKRKAFELLSIIDSEIKVISSSK*
iron_aquisition-siderophore_transport_potential,ST-45.fas,39865_140,ExbD-family,97.2,32.7,64,0,0,0,MPFDDEKPELNITPLVDIMLVLLAILMVTAPSITYEEKINLPQGSQKNTSAPTVKSLIISINAKKEIFLNQEKYDFISFADNLAQRKAQFNTEDPVFIRADKSLKYDDVISVLRSVKNLGFNKVALQTE*
iron_aquisition-siderophore_transport_potential,ST-45.fas,39865_141,TonB-family,47.6,21.8,64,0,0,0,MKNYGLSNLNSFLLALAIYISIVILVFFRLVSEVEPAIQYTDIKDSFVDIELAEPSKQVITQSNTPKEIQKPTEQIDIEKLFAQTTNKTVKTEDIDQKASNFNELFGNIKEIQEEKTTKIQSSAKSGASSAPKPQASELVKQLNDSLLQEESSTQGESTKAQKIGIYDEFLGKVVRIITQRWTQYYPNSEKISVKVKIFIDENGKFGYTSVEKSGNPLYDAKVAEFLESQKGKFITYPPQNKNISITMNLRDEAKVKND*
iron_aquisition-siderophore_transport,ST-45.fas,39865_169,FpvE-family-permease,39.8,25.8,65,0,0,0,MLEILNFTFFQNALLGAILVSIACGIIGTLVMINRLFSMAGGITHGAFGGIGIAFYFSLPILLSTGIFTLFLAFLVAFLAKRYEHRSDSIIAVIWAFGMAVGIILIDLSPSYNTDLMAYLFGSILAVGTQDLWLMALVDSVVVLLIFLFYRQFEALSFDAEFAKVRGINTSFFHYLLIALMAFCIVISIRLVGLILVMALLSIPSFIAENFTKRLGFIMILASFLSMIFCVLGLILSYYLNLSSGACIIAVACFGFLVHLIGKFLKR*
iron_aquisition-siderophore_transport,ST-45.fas,39865_171,FpvC-family-siderophore-transport,52.8,18.5,65,0,0,0,MKKIILFILSLGIFYTFTQAKNLEQEQNTSSNLVSVSIAPQAFFVKKIAADTLDVNVILPPNSNEHNFEFKPNTMKKLEKSDIYFTIGLEFEKVFTDKFKQNFPKLQVVNMQKNIALIQTHDTHEHSHEHEHHEHEHFDPHTWLDPILVQTMALNIYDALIQKYPQNKNLYKQNLDKFLAELDSLNLQIASKLEKLKNREFVVYHPSWTYFAKRYNLTQIPVEILGKEPKSKDLQKLITLMKDKNLKVIFVQNGFPENATKTLAKECDAKIYKIDHLSYDWENELLKTTDAFSHNL*
iron_aquisition-iron_transport,ST-45.fas,39865_196,YfeB-family-membrane-proteins,54.4,50.9,66,0,0,0,MLEIKNLSKNFGKIQALENINLHVKEGEFLSILGGSGSGKSTLLRIIAKLEQASSYDLFSCKGEVALMFQNYALFPHLNVEKNILFALYDKKDKNQILNHLLKTFEIEDLRYKKIDEISGGQAQRVAFARAIARGCKLLLLDEPFSNLDQNLKQDLRRELKKIIENQGITAIMVTHDIEDAYCMSDQIAFLEKGKILAHANPKELYFKPDFKSAQILPDLNIIEKKLDLEDEFFAWIASKNYIFGYAELKIGNRFEAKILQKEFLGAFYRLKLRYKNIEFFMLLSSNYNLEEKINFDIINF*
iron_aquisition-iron_transport,ST-45.fas,39865_197,FbpB-FutB-family-iron-permease,184.6,118,66,0,0,0,MYKTLKYYKLGAILLALFLVLPIFGIFAELFYILFQNFNTSDLTQFSSIKENLSHFFDYLFLKFIKDTFIISVGVLCLSLILGVSSAYLIANYDFYFCKILEKLLILPLAIPAYILAFVYVGIMDFQGFFHENFGFRIDFFNHYGVIFVLAISLYPYIYLFAKTAFKSEAKEAYEVAKIMKYSEFRIFTRVALLSARPAIFSGALLVLMETLSDYGASAYLGVDTFSAGIFKLWYDLNDSYSSSVLSGILMLFVFLIMYVDYYYKNKHHYSFNQNLALFIKKRKLNPIKQILSCIYCFMIAFVGFILPFIWLVYWGLKDHKLFESQFYIISFQTIILALVTALITTFLAYFLMFSSRIVKNHFFNLFILKISSLGYSIPAAALGISIIVLFVFLDKIFHMSLLGNSLLVLVFAYVIRFLASAIYSLEGGYNKIHLNIDEASLNLRTSYFILFFKIHTPLMKHFLFLAFIIVFIDTIKELPLSRILAPFGFETLSVKAFWFASDERIYDAALPSLFIVFLSLMVVVWMDKITRKDDVRN*
iron_aquisition-iron_transport,ST-45.fas,39865_198,FutA1-family-iron-binding-proteins,436.6,112,66,0,0,0,MKKIFFMFLTAFSFLGASELNIYSARHYDADFEIIKKFEEKTGIKVNHTQAKASELIKRLSLEGSNSPADIFITADISNLTEAKNLGLLSPVSSKYLEEFIPAHLRDKDKEWFAITKRARIIAYNKNANIDISKMKNYEDLAKAEFKGEIVMRSATAPYSKTLLASIIANDGNKEAKAWAKGVLDNLATNPKGGDRDQARQVFAGEAKFAVMNTYYIGLLKNSKNPKDVEVGNSLGIIFPNQDNRGTHINISGIAMTKSSKNQDAAKKFMEFMLSPEIQKILTDSNYEFPIRNDVELSQTVKDFGTFKEDQIPVSKIAENIKEAVKIYDEVGFR*
iron_gene_regulation,ST-45.fas,39865_314,PF01475-Iron_dependent_repressor-fur_family,96.9,23.8,67,1,0,0,MLKKHELKATPQRLCVLKILKRHEHPNIDELYTEIKKEYPSISLATVYKNLNTLQEQGLVVEINVLNQKTCYDIYEEEHIHVVCTKCGGIEDLSFKDAKLYEYQEHLEKKIGNLVNHLSVCAYVDSCKKCH*
iron_gene_regulation,ST-45.fas,39865_388,PF01475-Iron_dependent_repressor-fur_family,145,23.8,69,0,0,0,MLIENVEYDVLLERFKKILRQGGLKYTKQREVLLKTLYHSDTHYTPESLYMEIKQAEPDLNVGIATVYRTLNLLEEAEMVTSISFGSAGKKYELANKPHHDHMICKNCGKIIEFENPIIERQQALIAKEHGFKLTGHLMQLYGVCGDCNNQKAKVKI*
iron_aquisition-siderophore_transport,ST-45.fas,39865_557,PvdR-family-sideropore-export,209.9,61,70,0,0,0,MKKKIVLIILIAILGSVGAYFIFFNNDEKISYLTQKIQKKDISQTIEAVGKVYAKDQVDVGAQVSGQIIKLYVDVGTHVKQGDLIAQIDKDKQQNDLDITKAQLESAKANLESKKVALEIASKQYQREQKLYAAKASSLENLETQKNNYYTLKANVAELNAQVVQLEITLKNAQKDLGYTTITAPMDGVVINVAVDEGQTVNANQNTPTIVRIANLDEMEVRMEIAEADVSKIKVGTELDFSLLNDPQKTYHAKIASIDPADTEVSDSSTSSSSSSSSSSSSSSSNAIYYYAKFYVPNKDDFLRIGMSIQNEIVVASAKAVLAVPTYAIKSDPKGYYVEILENQKAVKKYVKLGIKDSINTQILEGVNENEELIVSSSADGLAPKVKLRF*
iron_aquisition-siderophore_transport,ST-45.fas,39865_558,PvdT-family-siderophore-export,482.4,175,70,0,0,0,MIFLKNICKNIGENAILKNVSLSIEKGEFVAIIGQSGSGKTSLLNIIGTLDTPSSGTYIFDEYEVTKLNNDEKARLRREKIGFIFQRYNLLSLLSAKENVSLPAVYAGKKLQERSQNAKKLLNDLELAHKLDSKPNELSGGQQQRVSIARALMNGGELILADEPTGALDSKSGIMVLEILQKLNAQGHTIVLVTHDPKIAAQAKRVIEIKDGEILSDTKKEKAQEKLTLKTMSKEKKTLTLLKNQAFECFKIAYSSILAHKLRSVLTMLGIIIGIASVVCVVALGLGSQAKVLESIARLGTNTIEIRPGRGFGDLRSGKTRLNFSDLETLRSLEYLEAVDAHSNTSGVATYTNISLSARAEGVGVNNFAIEGLRIDAGRILNNDDVKNSTNVAVLDFNAKKNLFPDEKSENILGRVVLFNSQPFKIIGVLQKDTDKPIEDNVVRLYIPYTTLMNKLTGDRNLREIIVKVKDDVSSTLAENAIIRILEIKRGQKDFFTFNSDTFKQAITANKRTTTILTACVAVIALIVGGIGVMNIMLVSVSERTREIGIRMAIGARREDIMMQFLIEAVVICTIGAILGVILSIFVIFAFNTLSTDFPMILNAYSVLLGLLSSMFIGVVFGFFPARNAANLNPISALSKE*
iron_storage,ST-45.fas,39865_563,PF00210-Ferritin_like_domain,120.7,44,70,0,0,0,MLSKEVVKLLNEQINKEMYAANLYLSMSSWCYENSLDGAGAFLFAHASEESDHAKKLITYLNETDSHVELQEVKQPEQNFKSLLDVFEKTYEHEQFITKSINTLVEHMLTHKDYSTFNFLQWYVSEQHEEEALFRGIVDKIKLIGEHGNGLYLADQYIKNIALSRKK*
iron_aquisition-siderophore_transport,ST-45.fas,39865_1171,FpvE-family-permease,223.5,25.8,72,0,0,0,MISLFIGVISINVKDILNLNSTQLEIITLTRIPRLIAILLTGMSLSICGLIMQQLTQNKFVSPTTAGTMDCAKFGILISLIFFSGASFFTQATIASVFALLGSFIFIQILRKIKLKDVIFVPLIGLMFGGIISAITTFFAYALNYIQNIQGWLQGSMANVMQGNYELLYISLPLFILAYFLAHKITIVGMGEDIALNLGISYNGILFLGLMIVSIITSLVIVSVGIIPFLGLIIPNLVALYLGDNLRKNLIYIALCGALFLLVCDIISRLVIFPFEMPLSITTGVLGSLIFIFLLLKRKVYA*
iron_aquisition-siderophore_transport,ST-45.fas,39865_1172,FpvE-family-permease,153.5,25.8,72,0,0,0,MRKKMLILSFLTLGMIGIFILVGLNGFDEYALKSRFLQIAAIIIVAICIAVSTVIFQTLCNNKILTPAIIGLDSLYMLLQSALIFSFGAANLSVYKNDINFLITLVCMVVFSLGLYKILFSSDRSIYLIMLLGLVFGTLFSTLSSFFEVLIDPDEFMVIQGRMFASFDNIAFDVLILAYIISFLSFIWIFRYMKFLDPLNLGKDLAINLGINYQKISKQLMIIIAILTSISTALVGPITFLGLLVVNITYELFKTAKHSILLSACILISILALLGGVFFVSRVFDYNATISVVINFLGGIYFIYLVLKGNKL*
iron_aquisition-siderophore_transport,ST-45.fas,39865_1173,PvuD-family-ATP-binding-protein,240.7,172,72,0,0,0,MIKLKNITKFYDNKAIISDLSLDFHKGKITSIIGANGTGKSTLLALASRLIKPSSGEIYIDGMNLKDYKEQILAQKISILKQQNNINLRLKVEELVAFGRFPHSQGRLNANDKIKINEALEYMGLSNLKNEFLDTLSGGQKQRAFIAMIIAQDTEFIMFDEPLNNLDMKHSVQIMQLMKNLVKDFNKSIAVVLHDINFASIYSDEIIALKDGKLLKQGSKDEIINQENLKQIYDMDIPVSQIDGKKICIYF*
iron_aquisition-siderophore_transport,ST-45.fas,39865_1174,HatD-family-substrate-binding-protein,162.9,27.5,72,0,0,0,MKKSLVFAFFAFFLSLILTACNSNSNENNASSTTKTNTATVKVLPISMSDEGDSFLVKDSLGENKIPKNPSKVVILDLGILDTFDALKLNDKVAGVPAKNLPKYLQQFKNKPSVGGVQQVDFEAINALKPDLIIISGRQSKFYDKLKEIAPTLFVGLDNTNFLSSFENNVLSVAKLYGLEKEALEKISAIKNEIEKAKSIVDEDKKALIILTNSNKISAFGPQSRFGIIHDVLGINAVDENIKVGTHGKSINSEFILEKNPDYIFVIDRNIIVGNKERAQGILDNALVAKTKAAQNKKIIYLDPEYWYLASGNGLESLKTMILEIKNAVK*
iron_aquisition-iron_transport,ST-45.fas,39865_1208,FeoA-family-iron-transporter,44.9,21,73,0,0,0,MTLNELKDGQKAIIVNLNAHKELKNRLLSFGFIKNKNLKKIHSSLKNATIMVELDTSCVILRSDEAKTIEVNLI*
iron_aquisition-iron_transport,ST-45.fas,39865_1209,FeoB-family-iron-transporter,223.2,28,73,0,0,0,MKKIKIALVGQPNVGKSLLINVLCKANMKVGNFSGVTIEKASAKTFYKNYEFEVIDLPGTYSLDGYSEEEKITRHFLNQNDYDVIVNVLDATNLERNLILSAELLSLNKKMLLALNMCDEAKKEGIELDTSVLSQEFQSQVVEISAKTKENLELLLQKIIILFESKFIPRSQFYTPLCEKSPEKEDLLYFINELSKKIITHKKEERNLTKKIDALLIHKFFGLPIFLFLMWLLFQLTFSLGQIPMDYIESGFNALGEFVKNNISNAFIASALADGIIAGVGAVILFLPNIMILFLGIALLETTGYMSRVAFLLDGILHKFGLHGKSFIPLITGFGCSVPAFMATRTLKNKRDRLLTLFVINFMSCGARLPVYVLFIGAFFPSEKAGNYLFGIYILGAILGLCAAKFLRMTAFRGLDEPFVMEMPKYRMPNWHLVWFMVYNKAKMYLKKAGTFILLASLLIWFASNFPKNEENLNDFNAQERAIEQSYLGQFGKGIEPIFKPLELDWKLSVSLISGLAAKEVMISTMGVLYSLGKDVDETNNDLKRIIAKNIPIPSAVAFILFVMIYNPCFAATIVFSKESGKLKYTLFLFLFTCTSAYIVAFIGLHIAKIFIKLTYF*
iron_storage,ST-45.fas,39865_1311,PF00210-Ferritin_like_domain,78.3,44,74,0,0,0,MSVTKQLLQMQADAHHLWVKFHNYHWNVKGLQFFSIHEYTEKAYEEMAELFDSCAERVLQLGEKAITCQKVLMENAKSPKVAKDCFTPLEVIELIKQDYEYLLAEFKKLNEEAEKESDTTTAAFAQENIAKYEKSLWMIGATLQGACKM*
iron_aquisition-siderophore_synthesis,ST-45.fas,39865_1342,PchH-family-siderophore-synthesis,41.2,24,75,0,0,0,MLKVCNLSKFYELKKHWYLKKERHIIFDNINFSLNENDNLIILGKSGAGKSTLARILCFLEDPSEGEVWYENLNLHKLDKNKQRLLRKQIQYCFQDQKMALNPYKKIKNLIQDGLENFNLQKNDDLILEFFDFFSLKKQILKQKPYELSGGEATRVGLIRALVLNPKLLILDEITSALDIKTSKEILTFLYDYQQKNNISYIFITHQSDLFYKFNHKKLKL*
iron_aquisition-siderophore_synthesis,ST-45.fas,39865_1343,PchI-family-siderophore-synthesis,36.6,24,75,0,0,0,MKVRNLNISLKNNLLLKDINLDIKTGKTLMILGQSGVGKSLLGKALVRLLDSNFTISFDELSFHNSCIFNFNKEELRNFRSKVALVLQDAELSLYPYLDIGNLCHLVLKTHTKLKQKERKDYAFSYFQKLGFENLDRLWHSYANELSLGMARRVSLALALLNQPQILICDEITASLDKENASKIISILEELKNTTALVCITHDLNLVNSLADEILMLEKNSSNLYSLNEFLRYYNA*
iron_aquisition-siderophore_synthesis,ST-45.fas,39865_1348,PvdE-family-siderophore-synthesis,285.9,120,75,0,0,0,MPFIIELLKQNKLKLISFLLFSFITSAVGVLTLVFINDYLLKNAQNIPIFYFIVLLLIFFISSTIVELGLSIFGQNFIFKMQRRVVKQILDTPLLRVAKVGKARILASLGSDVRNISFGLLRLPDFLQSSILILCTSVYLCYLSPQIFVLCVVWIMVIFITNNFLMMKVYQYFRKARENDDALQNNYQNILDGHKELLINRDRAKLYYEDEFENNARLKKKNSTLGNLFNNLSNNWTNVTLLALVGVEFYLALKFEWASVADATTIALSILFLRTPLVSMIGSFPTLLLAKIALDKIAKLELDDYIEGFKKTHYISEWKKISFRNTQFAYEENFHLNPVNIELKKGELVFLIGKNGSGKSTFCMLLTGLFKPSKGGIYVDDTLIDDKKLDEYRSLISAVFSDFHLFTKTLNKENFASEEKIAFWLEFLELKDKTSVKDNELTLTKLSTGQKKRLAMLIALLEERDILVLDEWAADQDPVFRRFFYKKLLPLLKEQGKTIFAITHDDAYFDSADRIFLAQNGEISELKGENIKELAKNLVEKFD*
iron_aquisition-siderophore_transport,ST-45.fas,39865_1367,PirA-family-siderophore-receptor,56.5,21.1,76,0,0,0,MHPNKKAFNLSLFALLLITNLNAQESNEAINLQKVVVSATGFEQDADSNLRNVISIEGKDLQNKGYVSLEQALERISGISFVNFGLGRNIDMRGQGNKSNIAVKVMIDGRAINVLDNSHGVTPLDSINLDNVERIEIIPGGGSVLYGSGTRGGVINIITKKQKSDAFAINLKSSAYDHGGLGGNLGINGAKQINENLAFSFDIQSFNLDGYQEGYNEKGYFINTKTYIDINDNSDLTLGYNYFKSKNTSSGYLTKAQAQSDPTQKGNSDNITQINRPEISLDYHYYFDDIWEFNLEAFWQNQKINYLKDEISMMGTTAYQNGSGFEDTLTGISLKNKLNYANNSYFIFGYEFTNHDAKRKSLVYYSVPGVINYHRMTTLMDMTKQSHSIFALDSHNFNEFFTLSGGARYEFSTYNTNRSYRNEMSMNGRPPSSNPIITDSTTLFDTDKNTNNFAFEITPNFKYSDTGNLYLKYERGFVSPTPAQFVNRNKTGNGIPPYYSSNLKAEIFDTFELGIDDFWWDFYGFNLTLFYTLSKDEISYLGNPHSTSGSWWKYYNIDQTRRLGVELSLSQNFLDDDLIFRESLTYLDAKISKGVNDGMRIPYVSKIKATAGLKYAWNKNFSNFIDLTYFSRAKDGGTINENTGKMSKNSWIRDYFLTDIGMKYNYKKLQILAGIRNLFDKRYYTYQDSINDQYLVGNGRNYYVEFKYAF*
iron_aquisition-siderophore_transport,ST-45.fas,39865_1368,FpvE-family-permease,285.5,25.8,76,0,0,0,MLNLNTHSKILVIIGLLVAYIIASFTALCLGDENLNPKELFSYIFSQDEILRQIIIDGRLPRIIMAILIGMLLASSGAITQNVFSNPIADPYIIGIASAATFGAVLAYLLKLNDYYYGILGFVCSAFFALGVFKISSKASIATLLIIGIAASSFLGAFTSFFTYLIGEDSFKIVAWLMGNIGNASWFRVGILILPLIFCLFYFYAHKNELNILLSGDDEARNLGVNAQKLKINLLIVSSLAVSFAVAFSGLIGFVGLIIPHTIRLLLKNYDNALVIPLCTAFGGLFLLICDTLARTLLAPVQIPIGILTAFFGAPIFLYLALSARRFL*
iron_aquisition-siderophore_transport,ST-45.fas,39865_1369,PvuD-family-ATP-binding-protein,185.3,172,76,0,0,0,MLKIQDLSFAYHQKDLLKNIHLELKNQAFIGILGPNGSGKSTLLKLILKNLSPNKGEISLFNTNIKDFSLKEFAKICGFVPQKSELNTPLKVIDVLLMSKYANLKHAFSSYSKEDILEIKEFAKDLRLENFLERSILSLSGGEFQRMLLARALLKKPKILFLDEPTSALDLNYAIELLSLCEKRVKEKNIAVVAILHDLNLASMFCDKILFLKEGEIKYFGTSKELFTQEILKEIYDLNCEIIYKNSKPYILALKEKK*
iron_aquisition-siderophore_transport,ST-45.fas,39865_1370,HatD-family-substrate-binding-protein,117,27.5,76,0,0,0,MKKILIIMSLFLITLNAKERLVVLDPASIETLFMLKAEDQIVGIATLQHSNIYPKDQTSKLTSVGTFSNPSLEKIVALKPSLVILSSYSLNLEEGLKNFGIKSINLKAEHLEDITKNITTLGQITKKEKEAELLKQEFNQKFKKLSDKPLNKSAIYLYSSNPLMAFNDNSLIADILRLIGIKNLSPQSQISRPVISAEYILKQNPDILILGMNAKNNLLDTNALLKNTKAVKTGSIYFNKDTPILLRLSPKIIDRIQEFKTKLENNNF*
iron_aquisition-siderophore_transport_potential,ST-45.fas,39865_1381,ExbB-family,120.9,22.3,77,0,0,0,MEFLKDYIDLIIFLILGIMAFIAFWCVVERMLFFRKINFKNYENQEQFDDAISENLTTIYIIYSNAPYIGLLGTVIGIMVTFYEMGLAGNIDVKSIVVGLSLALKATALGLLVAIPALMAYNALLRKVSLLSNAYKANKNA*
iron_aquisition-siderophore_transport_potential,ST-45.fas,39865_1382,ExbD-family,74.1,32.7,77,0,0,0,MLKLPKNEGLNIVPFIDIMLVLLAIVLSISTFIAHGKIQISLPSSENATNISNNEKKLLITIDEKNTFYLNDKLADLNEVQNAIFSLDKKTIVELKSDKNAKFESFVKIIDFLKAKEHENFQILTEKNK*
iron_aquisition-siderophore_transport_potential,ST-45.fas,39865_1383,TonB-family,68.4,24.6,77,0,0,0,MKTLFLNHKYQASYITFIVFIPLLFVIFHSNDFFKMEIKNEDSFSLAIKQFTQTNPTNETKPTESIIEPIKPKPQPKVIKKTPEKIQKKIKKTPPHPIPNKTPIAPTQEVKTFTKTTDTNVKPKITQLTQGKDNHPVLKEIQKAIQQAQFYPRQAKKMRMQGTVKVEFLWKENKTLADLKIIESSGYDLLDKSALESIRKASLNFPQYNGDLRITLPIIYDFKTLRG*
