seq_0_iron_aquisition-siderophore_transport_potential,WP_002876984.1,100.000,259,0,0,1,259,1,259,0.0,517,100.00
seq_0_iron_aquisition-siderophore_transport_potential,WP_002868764.1,99.228,259,2,0,1,259,1,259,0.0,515,100.00
seq_0_iron_aquisition-siderophore_transport_potential,WP_012006621.1,99.614,259,1,0,1,259,1,259,0.0,515,99.61
seq_0_iron_aquisition-siderophore_transport_potential,WP_002859784.1,99.228,259,2,0,1,259,1,259,0.0,513,99.23
seq_0_iron_aquisition-siderophore_transport_potential,WP_002867816.1,98.456,259,4,0,1,259,1,259,0.0,509,98.84
seq_1_iron_aquisition-siderophore_transport,WP_002851986.1,99.625,267,1,0,1,267,1,267,0.0,514,99.63
seq_1_iron_aquisition-siderophore_transport,WP_002860605.1,99.625,267,1,0,1,267,1,267,0.0,514,99.63
seq_1_iron_aquisition-siderophore_transport,WP_014516903.1,99.625,267,1,0,1,267,1,267,0.0,513,99.63
seq_1_iron_aquisition-siderophore_transport,WP_002857348.1,98.502,267,4,0,1,267,1,267,0.0,511,99.63
seq_1_iron_aquisition-siderophore_transport,WP_010891838.1,97.753,267,6,0,1,267,1,267,0.0,508,98.88
seq_2_iron_aquisition-siderophore_transport,WP_014516905.1,99.324,296,2,0,1,296,1,296,0.0,595,99.32
seq_2_iron_aquisition-siderophore_transport,WP_002864655.1,96.959,296,9,0,1,296,1,296,0.0,586,98.65
seq_2_iron_aquisition-siderophore_transport,WP_011049595.1,96.622,296,10,0,1,296,1,296,0.0,586,98.99
seq_2_iron_aquisition-siderophore_transport,WP_002858739.1,96.959,296,9,0,1,296,1,296,0.0,586,98.65
seq_2_iron_aquisition-siderophore_transport,WP_002866753.1,97.635,296,5,1,1,296,1,294,0.0,582,97.97
seq_2_iron_aquisition-siderophore_transport,ETN90170.1,97.297,222,6,0,75,296,1,222,5.83e-161,444,98.20
seq_2_iron_aquisition-siderophore_transport,ETN90171.1,95.556,45,2,0,1,45,1,45,1.59e-23,88.6,97.78
seq_3_iron_gene_regulation,WP_002876900.1,100.000,131,0,0,1,131,6,136,7.98e-94,264,100.00
seq_3_iron_gene_regulation,WP_002854244.1,99.237,131,1,0,1,131,6,136,3.63e-93,263,99.24
seq_3_iron_gene_regulation,WP_002858684.1,98.473,131,2,0,1,131,6,136,4.02e-92,260,99.24
seq_4_iron_gene_regulation,WP_002854230.1,100.000,157,0,0,1,157,1,157,5.63e-117,325,100.00
seq_4_iron_gene_regulation,WP_002867785.1,99.363,157,1,0,1,157,1,157,2.53e-116,323,99.36
seq_4_iron_gene_regulation,ETJ81858.1,100.000,79,0,0,79,157,1,79,3.71e-56,168,100.00
seq_4_iron_gene_regulation,ETJ81859.1,98.734,79,1,0,1,79,1,79,1.73e-52,159,98.73
seq_5_iron_aquisition-siderophore_transport,WP_002866477.1,100.000,390,0,0,1,390,1,390,0.0,773,100.00
seq_5_iron_aquisition-siderophore_transport,WP_002868903.1,98.974,390,4,0,1,390,1,390,0.0,769,100.00
seq_5_iron_aquisition-siderophore_transport,WP_002852311.1,98.974,390,4,0,1,390,1,390,0.0,764,99.74
seq_5_iron_aquisition-siderophore_transport,ETN90573.1,99.396,331,2,0,60,390,1,331,0.0,655,100.00
seq_5_iron_aquisition-siderophore_transport,ETN90572.1,92.500,40,3,0,1,40,1,40,2.05e-19,78.6,100.00
seq_6_iron_aquisition-siderophore_transport,WP_002866478.1,100.000,641,0,0,1,641,1,641,0.0,1285,100.00
seq_6_iron_aquisition-siderophore_transport,WP_002856958.1,99.532,641,3,0,1,641,1,641,0.0,1283,100.00
seq_6_iron_aquisition-siderophore_transport,WP_002858539.1,98.440,641,10,0,1,641,1,641,0.0,1268,99.22
seq_6_iron_aquisition-siderophore_transport,WP_011049744.1,98.440,641,10,0,1,641,1,641,0.0,1267,99.22
seq_6_iron_aquisition-siderophore_transport,WP_002860103.1,47.170,212,109,1,1,212,6,214,3.38e-59,195,69.81
seq_6_iron_aquisition-siderophore_transport,ADN91790.1,47.170,212,109,1,1,212,5,213,3.49e-59,195,69.81
seq_6_iron_aquisition-siderophore_transport,WP_079254165.1,46.698,212,110,1,1,212,6,214,1.44e-58,194,69.34
seq_6_iron_aquisition-siderophore_transport,ABV53162.1,46.698,212,110,1,1,212,5,213,1.53e-58,194,69.34
seq_6_iron_aquisition-siderophore_transport,WP_011050014.1,46.698,212,110,1,1,212,6,214,2.09e-58,193,69.34
seq_6_iron_aquisition-siderophore_transport,WP_002865902.1,36.441,236,135,5,1,224,1,233,6.16e-36,133,58.47
seq_6_iron_aquisition-siderophore_transport,WP_002853259.1,36.441,236,135,5,1,224,1,233,1.32e-35,132,58.47
seq_6_iron_aquisition-siderophore_transport,AAW35106.1,38.073,218,129,4,4,218,6,220,1.44e-35,132,58.72
seq_6_iron_aquisition-siderophore_transport,WP_002856856.1,36.522,230,142,3,1,228,1,228,2.07e-35,131,59.13
seq_6_iron_aquisition-siderophore_transport,WP_002852619.1,33.654,312,175,9,1,285,1,307,3.74e-35,133,54.17
seq_6_iron_aquisition-siderophore_transport,WP_002856849.1,33.654,312,175,9,1,285,1,307,3.89e-35,133,54.17
seq_6_iron_aquisition-siderophore_transport,WP_002893140.1,33.654,312,175,9,1,285,1,307,3.93e-35,133,54.17
seq_6_iron_aquisition-siderophore_transport,WP_002877347.1,36.564,227,140,3,1,225,1,225,5.88e-35,130,59.03
seq_6_iron_aquisition-siderophore_transport,WP_011049810.1,37.004,227,139,3,1,225,1,225,5.99e-35,130,59.03
seq_6_iron_aquisition-siderophore_transport,ABV52041.1,37.615,218,130,4,4,218,6,220,6.10e-35,130,58.72
seq_6_iron_aquisition-siderophore_transport,WP_002858600.1,37.615,218,130,4,4,218,6,220,8.33e-35,130,58.72
seq_6_iron_aquisition-siderophore_transport,WP_002858785.1,36.564,227,140,3,1,225,1,225,8.97e-35,129,59.03
seq_6_iron_aquisition-siderophore_transport,AAA02918.1,36.017,236,136,5,1,224,1,233,6.14e-34,127,57.63
seq_6_iron_aquisition-siderophore_transport,WP_002866826.1,34.599,237,127,6,1,216,1,230,1.57e-32,127,53.16
seq_6_iron_aquisition-siderophore_transport,ETJ84600.1,33.333,297,166,9,16,285,1,292,4.03e-32,124,53.87
seq_6_iron_aquisition-siderophore_transport,WP_002853534.1,39.560,182,106,4,16,195,18,197,1.20e-29,114,58.79
seq_6_iron_aquisition-siderophore_transport,WP_002856386.1,39.560,182,106,4,16,195,18,197,1.31e-29,114,58.79
seq_6_iron_aquisition-siderophore_transport,WP_012006736.1,35.385,195,119,2,16,209,17,205,2.38e-29,113,54.87
seq_6_iron_aquisition-siderophore_transport,WP_002867385.1,35.385,195,119,2,16,209,17,205,1.07e-26,105,55.90
seq_6_iron_aquisition-siderophore_transport,WP_002867742.1,36.683,199,114,5,24,219,25,214,2.86e-26,107,55.28
seq_6_iron_aquisition-siderophore_transport,WP_010891917.1,35.385,195,119,2,16,209,17,205,2.92e-26,104,55.38
seq_6_iron_aquisition-siderophore_transport,WP_002854406.1,36.683,199,114,5,24,219,25,214,3.43e-26,106,55.28
seq_6_iron_aquisition-siderophore_transport,WP_002852807.1,35.385,195,119,2,16,209,17,205,3.54e-26,104,55.38
seq_6_iron_aquisition-siderophore_transport,WP_011812693.1,32.189,233,136,6,1,231,2,214,8.53e-26,105,55.36
seq_6_iron_aquisition-siderophore_transport,ETJ83153.1,33.486,218,123,6,1,216,1,198,9.21e-26,105,56.88
seq_6_iron_aquisition-siderophore_transport,WP_010891842.1,32.189,233,136,6,1,231,2,214,9.74e-26,105,55.36
seq_6_iron_aquisition-siderophore_transport,AHK51526.1,33.486,218,123,6,1,216,1,198,1.06e-25,105,56.88
seq_6_iron_aquisition-siderophore_transport,ABV51766.1,33.945,218,122,6,1,216,1,198,2.22e-25,104,56.88
seq_6_iron_aquisition-siderophore_transport,WP_072238660.1,33.945,218,122,6,1,216,2,199,2.51e-25,104,56.88
seq_6_iron_aquisition-siderophore_transport,WP_004308379.1,35.294,204,122,3,19,220,20,215,9.06e-25,102,52.94
seq_6_iron_aquisition-siderophore_transport,WP_002816233.1,35.294,204,122,3,19,220,20,215,1.84e-24,101,52.94
seq_6_iron_aquisition-siderophore_transport,WP_002851414.1,34.314,204,116,5,5,198,6,201,4.70e-23,96.3,51.47
seq_6_iron_aquisition-siderophore_transport,WP_002776579.1,32.727,220,134,4,4,218,6,216,5.51e-23,98.2,56.82
seq_6_iron_aquisition-siderophore_transport,WP_002868882.1,33.816,207,113,5,5,198,6,201,7.29e-23,95.9,50.24
seq_6_iron_aquisition-siderophore_transport,WP_002860093.1,34.314,204,116,5,5,198,6,201,1.13e-22,95.1,50.98
seq_6_iron_aquisition-siderophore_transport,WP_002866848.1,34.158,202,115,5,5,196,6,199,1.74e-22,94.7,51.49
seq_6_iron_aquisition-siderophore_transport,WP_002831397.1,32.273,220,135,4,4,218,6,216,2.06e-22,96.3,56.36
seq_6_iron_aquisition-siderophore_transport,WP_002852830.1,31.401,207,132,5,12,214,364,564,9.46e-22,97.1,57.00
seq_6_iron_aquisition-siderophore_transport,WP_002877063.1,31.401,207,132,5,12,214,360,560,9.66e-22,97.1,57.97
seq_6_iron_aquisition-siderophore_transport,WP_002869380.1,31.401,207,132,5,12,214,360,560,1.07e-21,97.1,57.49
seq_6_iron_aquisition-siderophore_transport,WP_002858308.1,31.401,207,132,5,12,214,360,560,1.08e-21,97.1,57.00
seq_6_iron_aquisition-siderophore_transport,WP_002793288.1,32.273,220,135,4,4,218,6,216,1.71e-21,93.6,56.36
seq_6_iron_aquisition-siderophore_transport,WP_002867213.1,30.918,207,133,5,12,214,360,560,4.27e-21,95.1,57.00
seq_6_iron_aquisition-siderophore_transport,WP_014516904.1,31.250,224,116,8,16,224,18,218,1.99e-20,89.7,53.57
seq_6_iron_aquisition-siderophore_transport,AAW34617.1,32.864,213,129,4,11,218,1,204,2.89e-20,89.7,56.34
seq_6_iron_aquisition-siderophore_transport,WP_002866752.1,31.111,225,115,8,16,224,18,218,6.31e-20,88.2,53.78
seq_6_iron_aquisition-siderophore_transport,WP_002866772.1,30.962,239,151,6,1,232,1,232,8.31e-20,87.0,51.46
seq_6_iron_aquisition-siderophore_transport,WP_002867308.1,30.544,239,152,6,1,232,1,232,9.58e-20,87.0,51.88
seq_6_iron_aquisition-siderophore_transport,WP_002856278.1,30.962,239,151,6,1,232,1,232,1.08e-19,86.7,51.05
seq_6_iron_aquisition-siderophore_transport,WP_010891839.1,32.000,225,113,9,16,224,18,218,1.38e-19,87.0,54.67
seq_6_iron_aquisition-siderophore_transport,WP_002858409.1,29.237,236,159,5,1,232,1,232,2.10e-19,85.9,51.27
seq_6_iron_aquisition-siderophore_transport,WP_002872129.1,31.556,225,114,9,16,224,18,218,2.16e-19,86.7,54.67
seq_6_iron_aquisition-siderophore_transport,WP_009881802.1,31.556,225,114,9,16,224,18,218,4.36e-19,85.9,54.22
seq_6_iron_aquisition-siderophore_transport,WP_002869430.1,29.614,233,144,4,4,219,5,234,1.18e-17,80.9,47.64
seq_6_iron_aquisition-siderophore_transport,WP_002853599.1,29.614,233,144,4,4,219,5,234,1.25e-17,80.9,47.21
seq_6_iron_aquisition-siderophore_transport,WP_011049869.1,29.614,233,144,4,4,219,5,234,1.60e-17,80.5,47.21
seq_6_iron_aquisition-siderophore_transport,WP_002776307.1,31.188,202,125,6,12,206,13,207,1.62e-17,80.1,53.47
seq_6_iron_aquisition-siderophore_transport,AAW34561.1,29.500,200,133,4,20,216,25,219,4.45e-17,79.0,53.00
seq_6_iron_aquisition-siderophore_transport,WP_002855252.1,29.500,200,133,4,20,216,22,216,5.05e-17,78.6,53.00
seq_6_iron_aquisition-siderophore_transport,AHK56919.1,29.500,200,133,4,20,216,30,224,5.44e-17,79.0,53.00
seq_6_iron_aquisition-siderophore_transport,WP_002856079.1,30.435,207,131,5,16,214,16,217,6.28e-17,79.0,53.14
seq_6_iron_aquisition-siderophore_transport,WP_002860769.1,27.381,252,154,6,4,236,333,574,6.42e-17,82.0,49.60
seq_6_iron_aquisition-siderophore_transport,WP_002866594.1,30.435,207,131,5,16,214,16,217,6.52e-17,78.6,53.14
seq_6_iron_aquisition-siderophore_transport,WP_010891867.1,30.693,202,126,6,12,206,13,207,7.47e-17,78.2,53.47
seq_6_iron_aquisition-siderophore_transport,WP_002858782.1,27.381,252,154,6,4,236,333,574,8.56e-17,81.6,49.60
seq_6_iron_aquisition-siderophore_transport,WP_002852992.1,29.185,233,145,4,4,219,5,234,1.05e-16,78.2,46.78
seq_6_iron_aquisition-siderophore_transport,WP_002851136.1,28.444,225,142,6,1,214,1,217,1.07e-16,78.2,52.00
seq_6_iron_aquisition-siderophore_transport,WP_002886581.1,29.952,207,132,5,16,214,16,217,2.55e-16,77.0,52.66
seq_6_iron_aquisition-siderophore_transport,AAW56184.1,36.000,125,70,3,95,217,1,117,2.66e-13,64.7,55.20
seq_6_iron_aquisition-siderophore_transport,WP_002852965.1,29.000,200,128,4,1,196,1,190,1.40e-12,65.5,49.00
seq_6_iron_aquisition-siderophore_transport,WP_002869429.1,28.500,200,129,4,1,196,1,190,5.00e-12,63.9,48.50
seq_6_iron_aquisition-siderophore_transport,EAQ72193.2,28.500,200,129,4,1,196,2,191,5.32e-12,63.5,48.50
seq_6_iron_aquisition-siderophore_transport,ETJ82550.1,31.527,203,108,8,1,196,1,179,1.56e-11,63.5,51.23
seq_6_iron_aquisition-siderophore_transport,ETJ81816.1,33.333,99,60,1,4,102,6,98,1.66e-11,59.3,56.57
seq_6_iron_aquisition-siderophore_transport,WP_002856890.1,31.527,203,108,8,1,196,330,508,4.82e-11,63.2,51.23
seq_6_iron_aquisition-siderophore_transport,WP_002856890.1,26.295,251,129,10,1,214,3,234,2.49e-07,51.2,44.22
seq_6_iron_aquisition-siderophore_transport,WP_002868367.1,26.818,220,145,7,1,215,1,209,9.36e-11,61.2,49.09
seq_6_iron_aquisition-siderophore_transport,WP_012006789.1,28.767,219,142,8,1,215,1,209,1.26e-10,60.8,50.23
seq_6_iron_aquisition-siderophore_transport,WP_002867877.1,26.818,220,145,7,1,215,1,209,1.37e-10,60.8,49.09
seq_6_iron_aquisition-siderophore_transport,WP_002796878.1,26.066,211,128,7,9,214,322,509,9.22e-09,55.8,46.92
seq_6_iron_aquisition-siderophore_transport,WP_002796878.1,23.894,226,126,6,1,196,1,210,5.49e-08,53.1,43.81
seq_6_iron_aquisition-siderophore_transport,WP_002858735.1,26.066,211,128,7,9,214,322,509,9.47e-09,55.8,47.39
seq_6_iron_aquisition-siderophore_transport,WP_002858735.1,23.894,226,126,6,1,196,1,210,2.15e-07,51.2,43.36
seq_6_iron_aquisition-siderophore_transport,WP_002866019.1,25.592,211,129,7,9,214,322,509,1.83e-08,54.7,47.39
seq_6_iron_aquisition-siderophore_transport,WP_002866019.1,23.894,226,126,6,1,196,1,210,1.12e-07,52.4,43.81
seq_6_iron_aquisition-siderophore_transport,ETJ82665.1,26.337,243,123,10,9,214,11,234,1.47e-07,51.2,44.44
seq_6_iron_aquisition-siderophore_transport,WP_011049804.1,29.412,187,102,7,16,196,346,508,2.32e-07,51.6,50.27
seq_6_iron_aquisition-siderophore_transport,WP_011049804.1,26.337,243,123,9,9,214,11,234,2.81e-07,51.2,43.62
seq_6_iron_aquisition-siderophore_transport,WP_002865923.1,26.337,243,123,10,9,214,11,234,3.76e-07,50.8,44.44
seq_6_iron_aquisition-siderophore_transport,WP_002865923.1,29.412,187,102,7,16,196,346,508,9.77e-07,49.3,49.73
seq_6_iron_aquisition-siderophore_transport,WP_002852425.1,29.412,187,102,7,16,196,346,508,4.66e-07,50.4,49.73
seq_6_iron_aquisition-siderophore_transport,WP_002852425.1,25.926,243,124,9,9,214,11,234,1.30e-06,48.9,43.21
seq_6_iron_aquisition-siderophore_transport,ETJ81817.1,35.922,103,58,3,121,218,1,100,5.76e-06,45.4,62.14
seq_6_iron_aquisition-siderophore_transport,AAX99097.1,32.258,62,42,0,1,62,1,62,2.14e-05,42.0,58.06
seq_6_iron_aquisition-siderophore_transport,WP_002867790.1,35.484,62,31,1,4,56,29,90,0.004,37.7,54.84
seq_6_iron_aquisition-siderophore_transport,WP_002865879.1,35.484,62,31,1,4,56,29,90,0.005,37.7,54.84
seq_6_iron_aquisition-siderophore_transport,WP_002858743.1,35.484,62,31,1,4,56,29,90,0.007,37.0,54.84
seq_6_iron_aquisition-siderophore_transport,AAW35050.1,47.500,40,21,0,17,56,11,50,0.008,36.6,65.00
seq_7_iron_storage,WP_002852256.1,100.000,167,0,0,1,167,1,167,1.38e-123,342,100.00
seq_8_iron_storage,WP_002867076.1,100.000,149,0,0,1,149,1,149,2.22e-110,307,100.00
seq_8_iron_storage,WP_002851546.1,99.329,149,1,0,1,149,1,149,1.62e-109,305,99.33
seq_8_iron_storage,3KWO_A,96.599,147,5,0,2,148,5,151,5.50e-104,291,96.60
seq_9_iron_aquisition-siderophore_synthesis,WP_002876088.1,100.000,221,0,0,1,221,1,221,3.42e-161,442,100.00
seq_9_iron_aquisition-siderophore_synthesis,WP_002867588.1,97.738,221,5,0,1,221,1,221,7.31e-159,436,100.00
seq_9_iron_aquisition-siderophore_synthesis,WP_002851151.1,98.190,221,4,0,1,221,1,221,8.34e-159,436,99.10
seq_9_iron_aquisition-siderophore_synthesis,WP_002922489.1,97.738,221,5,0,1,221,1,221,9.12e-158,433,98.64
seq_9_iron_aquisition-siderophore_synthesis,WP_002865902.1,33.649,211,120,4,1,207,1,195,2.11e-25,97.4,49.29
seq_9_iron_aquisition-siderophore_synthesis,WP_002853259.1,33.649,211,120,4,1,207,1,195,3.14e-25,96.7,49.29
seq_9_iron_aquisition-siderophore_synthesis,WP_079254165.1,34.848,198,118,7,27,221,22,211,1.04e-23,92.0,54.04
seq_9_iron_aquisition-siderophore_synthesis,ABV53162.1,34.848,198,118,7,27,221,21,210,1.21e-23,92.0,54.04
seq_9_iron_aquisition-siderophore_synthesis,WP_002860103.1,34.848,198,118,7,27,221,22,211,1.30e-23,92.0,54.04
seq_9_iron_aquisition-siderophore_synthesis,ADN91790.1,34.848,198,118,7,27,221,21,210,1.37e-23,92.0,54.04
seq_9_iron_aquisition-siderophore_synthesis,WP_011050014.1,34.848,198,118,7,27,221,22,211,1.42e-23,92.0,54.04
seq_9_iron_aquisition-siderophore_synthesis,AAA02918.1,34.597,211,118,6,1,207,1,195,2.11e-23,92.0,49.76
seq_9_iron_aquisition-siderophore_synthesis,WP_002852619.1,30.962,239,135,5,1,221,1,227,2.44e-22,90.9,48.12
seq_9_iron_aquisition-siderophore_synthesis,AAW35106.1,30.000,210,129,7,1,207,3,197,2.45e-22,89.4,54.76
seq_9_iron_aquisition-siderophore_synthesis,WP_002856849.1,30.962,239,135,5,1,221,1,227,3.52e-22,90.5,48.12
seq_9_iron_aquisition-siderophore_synthesis,WP_002893140.1,30.962,239,135,5,1,221,1,227,3.66e-22,90.5,48.12
seq_9_iron_aquisition-siderophore_synthesis,ABV52041.1,30.000,210,129,7,1,207,3,197,5.24e-22,88.2,54.29
seq_9_iron_aquisition-siderophore_synthesis,WP_002858600.1,30.000,210,129,7,1,207,3,197,7.27e-22,88.2,54.29
seq_9_iron_aquisition-siderophore_synthesis,WP_010891917.1,32.292,192,110,4,26,210,17,195,8.37e-22,87.0,53.12
seq_9_iron_aquisition-siderophore_synthesis,WP_002867385.1,32.292,192,110,4,26,210,17,195,1.11e-21,86.7,53.12
seq_9_iron_aquisition-siderophore_synthesis,WP_002852807.1,32.258,186,118,4,26,210,17,195,5.84e-21,84.7,54.30
seq_9_iron_aquisition-siderophore_synthesis,ETJ84600.1,31.776,214,126,4,26,221,1,212,6.60e-20,84.0,48.60
seq_9_iron_aquisition-siderophore_synthesis,WP_002877347.1,28.261,230,107,7,1,207,1,195,8.69e-20,82.4,46.96
seq_9_iron_aquisition-siderophore_synthesis,WP_002869380.1,29.583,240,121,7,2,220,349,561,1.40e-19,84.3,48.33
seq_9_iron_aquisition-siderophore_synthesis,WP_002866826.1,30.631,222,124,5,1,206,1,208,1.61e-19,83.6,50.45
seq_9_iron_aquisition-siderophore_synthesis,WP_002858308.1,29.167,240,122,7,2,220,349,561,1.70e-19,84.0,47.92
seq_9_iron_aquisition-siderophore_synthesis,WP_002852830.1,29.167,240,122,7,2,220,353,565,1.80e-19,84.0,47.92
seq_9_iron_aquisition-siderophore_synthesis,WP_011049810.1,28.696,230,106,7,1,207,1,195,2.26e-19,81.3,46.96
seq_9_iron_aquisition-siderophore_synthesis,WP_002856856.1,28.261,230,107,7,1,207,1,195,3.25e-19,80.9,46.96
seq_9_iron_aquisition-siderophore_synthesis,WP_002858785.1,28.261,230,107,7,1,207,1,195,3.35e-19,80.9,46.96
seq_9_iron_aquisition-siderophore_synthesis,WP_002877063.1,29.167,240,122,7,2,220,349,561,6.03e-19,82.4,48.33
seq_9_iron_aquisition-siderophore_synthesis,WP_002867213.1,28.750,240,123,7,2,220,349,561,8.43e-18,79.0,47.92
seq_9_iron_aquisition-siderophore_synthesis,WP_002867742.1,32.178,202,109,7,30,221,21,204,1.29e-17,77.4,48.51
seq_9_iron_aquisition-siderophore_synthesis,WP_002854406.1,32.178,202,109,7,30,221,21,204,1.33e-17,77.4,48.51
seq_9_iron_aquisition-siderophore_synthesis,WP_002816233.1,34.615,182,107,5,42,221,33,204,4.29e-17,75.9,48.35
seq_9_iron_aquisition-siderophore_synthesis,WP_004308379.1,34.066,182,108,5,42,221,33,204,5.90e-17,75.5,48.35
seq_9_iron_aquisition-siderophore_synthesis,WP_002856079.1,33.040,227,127,7,1,219,1,210,3.68e-16,72.8,48.90
seq_9_iron_aquisition-siderophore_synthesis,WP_002866594.1,33.040,227,127,7,1,219,1,210,4.50e-16,72.4,48.90
seq_9_iron_aquisition-siderophore_synthesis,WP_002886581.1,32.599,227,128,7,1,219,1,210,4.73e-16,72.4,48.46
seq_9_iron_aquisition-siderophore_synthesis,WP_002851136.1,33.040,227,127,7,1,219,1,210,2.94e-15,70.1,48.02
seq_9_iron_aquisition-siderophore_synthesis,WP_002853534.1,30.270,185,126,3,24,207,16,198,3.32e-15,69.7,50.81
seq_9_iron_aquisition-siderophore_synthesis,WP_002856386.1,30.270,185,126,3,24,207,16,198,3.42e-15,69.3,50.81
seq_9_iron_aquisition-siderophore_synthesis,WP_002831397.1,32.447,188,115,4,25,209,17,195,7.02e-15,70.1,54.26
seq_9_iron_aquisition-siderophore_synthesis,WP_002776579.1,31.915,188,116,4,25,209,17,195,9.68e-15,69.7,54.26
seq_9_iron_aquisition-siderophore_synthesis,WP_002793288.1,31.915,188,116,4,25,209,17,195,1.10e-14,69.3,54.79
seq_9_iron_aquisition-siderophore_synthesis,WP_002776307.1,31.019,216,121,8,1,206,2,199,2.87e-14,67.4,46.76
seq_9_iron_aquisition-siderophore_synthesis,WP_010891867.1,30.556,216,122,8,1,206,2,199,1.40e-13,65.5,46.76
seq_9_iron_aquisition-siderophore_synthesis,ETJ82665.1,27.650,217,125,5,25,217,17,225,2.71e-13,65.5,44.70
seq_9_iron_aquisition-siderophore_synthesis,WP_002866752.1,28.856,201,123,5,22,217,14,199,3.30e-13,64.7,48.26
seq_9_iron_aquisition-siderophore_synthesis,WP_014516904.1,28.856,201,123,5,22,217,14,199,3.68e-13,64.7,48.26
seq_9_iron_aquisition-siderophore_synthesis,WP_011049804.1,29.108,213,127,6,25,217,17,225,4.84e-13,65.1,48.36
seq_9_iron_aquisition-siderophore_synthesis,WP_011049804.1,24.528,159,101,2,26,182,346,487,2.63e-06,45.1,46.54
seq_9_iron_aquisition-siderophore_synthesis,WP_002865923.1,27.650,217,125,5,25,217,17,225,5.07e-13,65.1,44.70
seq_9_iron_aquisition-siderophore_synthesis,WP_002865923.1,24.528,159,101,2,26,182,346,487,1.21e-05,43.1,45.91
seq_9_iron_aquisition-siderophore_synthesis,WP_010891839.1,28.856,201,123,5,22,217,14,199,5.08e-13,64.3,48.26
seq_9_iron_aquisition-siderophore_synthesis,WP_002852425.1,29.108,213,127,6,25,217,17,225,5.26e-13,65.1,48.36
seq_9_iron_aquisition-siderophore_synthesis,WP_002852425.1,24.528,159,101,2,26,182,346,487,5.27e-06,44.3,45.91
seq_9_iron_aquisition-siderophore_synthesis,WP_002856890.1,27.650,217,125,5,25,217,17,225,6.54e-13,64.7,44.70
seq_9_iron_aquisition-siderophore_synthesis,WP_002856890.1,24.528,159,101,2,26,182,346,487,5.78e-06,44.3,45.91
seq_9_iron_aquisition-siderophore_synthesis,WP_002872129.1,29.293,198,120,5,25,217,17,199,1.28e-12,63.2,48.48
seq_9_iron_aquisition-siderophore_synthesis,AAW34561.1,27.374,179,103,4,29,195,24,187,2.24e-12,62.0,46.93
seq_9_iron_aquisition-siderophore_synthesis,AHK56919.1,27.933,179,102,4,29,195,29,192,2.45e-12,62.0,46.37
seq_9_iron_aquisition-siderophore_synthesis,WP_002855252.1,27.374,179,103,4,29,195,21,184,2.54e-12,62.0,46.93
seq_9_iron_aquisition-siderophore_synthesis,WP_009881802.1,28.283,198,122,5,25,217,17,199,7.78e-12,60.8,47.98
seq_9_iron_aquisition-siderophore_synthesis,WP_002867308.1,26.636,214,129,7,1,206,1,194,1.33e-11,60.1,49.53
seq_9_iron_aquisition-siderophore_synthesis,WP_010891842.1,31.492,181,100,5,28,206,19,177,1.77e-11,60.1,48.62
seq_9_iron_aquisition-siderophore_synthesis,AHK51526.1,31.492,181,100,5,28,206,18,176,1.78e-11,60.1,48.62
seq_9_iron_aquisition-siderophore_synthesis,ABV51766.1,29.050,179,107,4,28,206,18,176,1.85e-11,60.1,48.60
seq_9_iron_aquisition-siderophore_synthesis,WP_072238660.1,29.050,179,107,4,28,206,19,177,1.89e-11,60.1,48.60
seq_9_iron_aquisition-siderophore_synthesis,WP_002858409.1,26.168,214,130,7,1,206,1,194,3.02e-11,58.9,49.07
seq_9_iron_aquisition-siderophore_synthesis,AAW56184.1,40.260,77,46,0,145,221,33,109,4.90e-11,55.8,55.84
seq_9_iron_aquisition-siderophore_synthesis,ETJ83153.1,30.939,181,101,5,28,206,18,176,5.99e-11,58.5,48.62
seq_9_iron_aquisition-siderophore_synthesis,WP_011812693.1,30.939,181,101,5,28,206,19,177,6.02e-11,58.5,48.62
seq_9_iron_aquisition-siderophore_synthesis,WP_002856278.1,25.352,213,133,6,1,206,1,194,1.40e-10,57.0,47.42
seq_9_iron_aquisition-siderophore_synthesis,AAW34617.1,30.168,179,113,4,34,209,14,183,1.89e-10,57.0,52.51
seq_9_iron_aquisition-siderophore_synthesis,WP_002866772.1,25.352,213,133,6,1,206,1,194,4.74e-10,55.5,47.42
seq_9_iron_aquisition-siderophore_synthesis,WP_002860769.1,25.862,174,119,5,26,195,355,522,2.21e-09,54.3,49.43
seq_9_iron_aquisition-siderophore_synthesis,WP_002858782.1,25.862,174,119,5,26,195,355,522,2.54e-09,54.3,49.43
seq_9_iron_aquisition-siderophore_synthesis,WP_014517118.1,39.706,68,36,1,1,68,1,63,4.77e-09,52.4,57.35
seq_9_iron_aquisition-siderophore_synthesis,WP_002818959.1,39.706,68,36,1,1,68,1,63,7.37e-09,51.6,57.35
seq_9_iron_aquisition-siderophore_synthesis,WP_002851179.1,39.706,68,36,1,1,68,1,63,8.94e-09,51.6,57.35
seq_9_iron_aquisition-siderophore_synthesis,WP_002858735.1,21.939,196,122,5,26,217,332,500,7.00e-07,47.0,43.88
seq_9_iron_aquisition-siderophore_synthesis,WP_002858735.1,29.825,57,40,0,15,71,5,61,0.004,35.4,56.14
seq_9_iron_aquisition-siderophore_synthesis,ETJ81816.1,37.705,61,38,0,25,85,17,77,7.02e-07,44.7,60.66
seq_9_iron_aquisition-siderophore_synthesis,WP_002796878.1,21.939,196,122,5,26,217,332,500,8.73e-07,46.6,44.39
seq_9_iron_aquisition-siderophore_synthesis,WP_002796878.1,29.825,57,40,0,15,71,5,61,0.004,35.4,56.14
seq_9_iron_aquisition-siderophore_synthesis,WP_002866019.1,23.383,201,113,6,26,217,332,500,1.18e-06,46.2,44.78
seq_9_iron_aquisition-siderophore_synthesis,WP_002866019.1,29.825,57,40,0,15,71,5,61,0.004,35.4,56.14
seq_9_iron_aquisition-siderophore_synthesis,ETJ82550.1,24.528,159,101,2,26,182,17,158,3.90e-06,44.3,45.91
seq_9_iron_aquisition-siderophore_synthesis,ETJ81817.1,42.647,68,39,0,142,209,12,79,4.73e-06,43.5,63.24
seq_9_iron_aquisition-siderophore_synthesis,WP_002869429.1,25.862,174,113,6,29,197,19,181,1.74e-04,38.9,45.98
seq_9_iron_aquisition-siderophore_synthesis,EAQ72193.2,25.862,174,113,6,29,197,20,182,1.83e-04,38.9,45.98
seq_9_iron_aquisition-siderophore_synthesis,WP_002852965.1,25.862,174,113,6,29,197,19,181,1.86e-04,38.9,45.98
seq_9_iron_aquisition-siderophore_synthesis,AAX99097.1,28.986,69,48,1,15,82,5,73,3.36e-04,37.0,55.07
seq_10_iron_aquisition-siderophore_synthesis,WP_002866868.1,100.000,236,0,0,1,236,1,236,4.30e-172,471,100.00
seq_10_iron_aquisition-siderophore_synthesis,WP_011050003.1,99.153,236,2,0,1,236,1,236,1.14e-170,467,99.58
seq_10_iron_aquisition-siderophore_synthesis,WP_002865171.1,99.153,236,2,0,1,236,1,236,1.36e-170,467,99.58
seq_10_iron_aquisition-siderophore_synthesis,WP_002922491.1,98.729,236,3,0,1,236,1,236,4.60e-170,465,99.58
seq_10_iron_aquisition-siderophore_synthesis,ABV53076.1,99.550,222,1,0,15,236,1,222,3.02e-162,445,100.00
seq_10_iron_aquisition-siderophore_synthesis,ETN90338.1,98.198,222,4,0,15,236,1,222,2.90e-160,440,99.55
seq_10_iron_aquisition-siderophore_synthesis,WP_002866826.1,27.778,234,140,8,1,217,2,223,1.50e-15,72.4,49.15
seq_10_iron_aquisition-siderophore_synthesis,WP_002816233.1,33.186,226,113,11,22,235,24,223,1.05e-14,69.3,48.23
seq_10_iron_aquisition-siderophore_synthesis,WP_004308379.1,32.743,226,114,11,22,235,24,223,1.78e-14,68.9,48.23
seq_11_iron_aquisition-siderophore_synthesis,WP_002866874.1,99.816,543,1,0,1,543,1,543,0.0,1088,100.00
seq_11_iron_aquisition-siderophore_synthesis,WP_002851469.1,99.448,543,3,0,1,543,1,543,0.0,1085,99.63
seq_11_iron_aquisition-siderophore_synthesis,WP_002855865.1,99.448,543,3,0,1,543,1,543,0.0,1085,99.63
seq_11_iron_aquisition-siderophore_synthesis,WP_002858308.1,25.277,542,323,19,37,527,54,564,3.43e-19,88.6,44.46
seq_11_iron_aquisition-siderophore_synthesis,WP_002867213.1,25.461,542,322,19,37,527,54,564,3.46e-19,88.6,44.28
seq_11_iron_aquisition-siderophore_synthesis,WP_002852830.1,25.277,542,323,19,37,527,58,568,3.59e-19,88.6,44.46
seq_11_iron_aquisition-siderophore_synthesis,WP_002869380.1,25.646,542,321,19,37,527,54,564,3.84e-19,88.2,44.28
seq_11_iron_aquisition-siderophore_synthesis,WP_002877063.1,25.277,542,323,19,37,527,54,564,2.97e-18,85.5,44.10
seq_11_iron_aquisition-siderophore_synthesis,WP_002858782.1,23.759,564,359,21,2,523,16,550,2.47e-17,82.8,43.26
seq_11_iron_aquisition-siderophore_synthesis,WP_002860769.1,23.582,564,360,21,2,523,16,550,3.88e-17,82.0,43.26
seq_11_iron_aquisition-siderophore_synthesis,WP_002867742.1,31.443,194,119,5,339,523,21,209,4.61e-15,73.6,50.00
seq_11_iron_aquisition-siderophore_synthesis,WP_002854406.1,31.443,194,119,5,339,523,21,209,4.85e-15,73.6,50.00
seq_11_iron_aquisition-siderophore_synthesis,WP_002852619.1,29.237,236,129,6,321,523,2,232,1.97e-14,72.4,45.76
seq_11_iron_aquisition-siderophore_synthesis,WP_002893140.1,29.237,236,129,6,321,523,2,232,1.99e-14,72.4,45.76
seq_11_iron_aquisition-siderophore_synthesis,WP_002856849.1,29.237,236,129,6,321,523,2,232,2.14e-14,72.0,45.76
seq_11_iron_aquisition-siderophore_synthesis,WP_002866826.1,28.821,229,135,6,320,523,3,228,2.35e-14,72.4,48.47
seq_11_iron_aquisition-siderophore_synthesis,WP_004308379.1,30.732,205,121,6,342,537,24,216,1.60e-13,68.9,49.27
seq_11_iron_aquisition-siderophore_synthesis,ETJ84600.1,29.864,221,117,6,336,523,2,217,1.63e-13,69.3,46.15
seq_11_iron_aquisition-siderophore_synthesis,WP_002816233.1,30.732,205,121,6,342,537,24,216,2.72e-13,68.2,49.27
seq_11_iron_aquisition-siderophore_synthesis,WP_002831397.1,28.704,216,134,4,321,523,4,212,8.19e-12,64.3,48.15
seq_11_iron_aquisition-siderophore_synthesis,WP_002776579.1,28.704,216,134,4,321,523,4,212,1.01e-11,63.9,48.15
seq_11_iron_aquisition-siderophore_synthesis,WP_002851136.1,30.180,222,130,7,321,523,2,217,3.72e-11,61.2,46.40
seq_11_iron_aquisition-siderophore_synthesis,AAW34617.1,30.412,194,115,4,343,523,14,200,4.60e-11,61.6,49.48
seq_11_iron_aquisition-siderophore_synthesis,WP_002793288.1,28.241,216,135,4,321,523,4,212,6.59e-11,61.2,48.15
seq_11_iron_aquisition-siderophore_synthesis,WP_002866594.1,29.730,222,131,7,321,523,2,217,8.70e-11,60.1,46.85
seq_11_iron_aquisition-siderophore_synthesis,WP_002856079.1,29.730,222,131,7,321,523,2,217,1.09e-10,60.1,46.40
seq_11_iron_aquisition-siderophore_synthesis,WP_002867308.1,26.131,199,128,3,321,505,2,195,1.63e-10,59.3,46.23
seq_11_iron_aquisition-siderophore_synthesis,WP_002858409.1,27.861,201,122,5,321,505,2,195,2.11e-10,58.9,46.77
seq_11_iron_aquisition-siderophore_synthesis,WP_002866772.1,27.861,201,122,5,321,505,2,195,4.98e-10,57.8,46.27
seq_11_iron_aquisition-siderophore_synthesis,WP_002886581.1,29.279,222,132,7,321,523,2,217,5.26e-10,57.8,46.40
seq_11_iron_aquisition-siderophore_synthesis,WP_002856278.1,27.861,201,122,5,321,505,2,195,5.31e-10,57.8,46.27
seq_11_iron_aquisition-siderophore_synthesis,WP_011049869.1,26.540,211,131,5,336,522,18,228,5.40e-10,57.8,45.50
seq_11_iron_aquisition-siderophore_synthesis,WP_002853599.1,26.540,211,131,5,336,522,18,228,6.67e-10,57.4,45.50
seq_11_iron_aquisition-siderophore_synthesis,AAW34561.1,26.761,213,134,7,339,537,25,229,9.42e-10,57.0,46.01
seq_11_iron_aquisition-siderophore_synthesis,WP_002855252.1,26.761,213,134,7,339,537,22,226,9.46e-10,57.0,46.01
seq_11_iron_aquisition-siderophore_synthesis,WP_002852992.1,26.540,211,131,5,336,522,18,228,1.03e-09,57.0,45.02
seq_11_iron_aquisition-siderophore_synthesis,AHK56919.1,26.852,216,130,8,339,537,30,234,1.14e-09,56.6,46.30
seq_11_iron_aquisition-siderophore_synthesis,WP_002869430.1,26.066,211,132,5,336,522,18,228,1.99e-09,56.2,45.50
seq_11_iron_aquisition-siderophore_synthesis,ETJ83153.1,26.415,212,120,7,336,534,17,205,2.09e-09,56.6,48.11
seq_11_iron_aquisition-siderophore_synthesis,AHK51526.1,26.415,212,120,7,336,534,17,205,2.11e-09,56.6,48.11
seq_11_iron_aquisition-siderophore_synthesis,WP_011812693.1,26.415,212,120,7,336,534,18,206,2.16e-09,56.6,48.11
seq_11_iron_aquisition-siderophore_synthesis,WP_010891842.1,26.415,212,120,7,336,534,18,206,2.28e-09,56.6,48.11
seq_11_iron_aquisition-siderophore_synthesis,ABV51766.1,26.415,212,120,7,336,534,17,205,3.28e-09,55.8,48.11
seq_11_iron_aquisition-siderophore_synthesis,WP_072238660.1,26.415,212,120,7,336,534,18,206,3.52e-09,55.8,48.11
seq_11_iron_aquisition-siderophore_synthesis,WP_002867877.1,30.901,233,127,9,321,534,2,219,2.38e-08,53.5,44.21
seq_11_iron_aquisition-siderophore_synthesis,WP_002868367.1,30.901,233,127,9,321,534,2,219,2.47e-08,53.5,44.21
seq_11_iron_aquisition-siderophore_synthesis,WP_011049804.1,26.222,225,130,6,336,528,19,239,7.92e-08,52.8,41.78
seq_11_iron_aquisition-siderophore_synthesis,WP_002852425.1,26.222,225,130,6,336,528,19,239,9.41e-08,52.4,41.78
seq_11_iron_aquisition-siderophore_synthesis,WP_012006789.1,29.778,225,140,7,321,534,2,219,1.18e-07,51.2,45.78
seq_11_iron_aquisition-siderophore_synthesis,ETJ82665.1,25.333,225,132,6,336,528,19,239,2.10e-07,50.4,41.78
seq_11_iron_aquisition-siderophore_synthesis,WP_002856890.1,25.333,225,132,6,336,528,19,239,2.65e-07,50.8,41.78
seq_11_iron_aquisition-siderophore_synthesis,WP_002865923.1,24.889,225,133,6,336,528,19,239,6.29e-07,49.7,41.78
seq_11_iron_aquisition-siderophore_synthesis,AAX99097.1,34.921,63,41,0,321,383,2,64,8.29e-06,42.7,53.97
seq_11_iron_aquisition-siderophore_synthesis,WP_014516904.1,26.984,189,123,5,325,505,8,189,9.61e-06,45.1,44.44
seq_11_iron_aquisition-siderophore_synthesis,WP_002866752.1,26.984,189,123,5,325,505,8,189,1.56e-05,44.3,44.44
seq_11_iron_aquisition-siderophore_synthesis,WP_010891839.1,26.984,189,123,5,325,505,8,189,2.86e-05,43.5,44.44
seq_11_iron_aquisition-siderophore_synthesis,WP_002872129.1,26.984,189,123,5,325,505,8,189,3.04e-05,43.5,43.92
seq_11_iron_aquisition-siderophore_synthesis,WP_002858735.1,46.667,45,24,0,339,383,20,64,5.83e-05,43.1,66.67
seq_11_iron_aquisition-siderophore_synthesis,WP_002866019.1,46.667,45,24,0,339,383,20,64,5.83e-05,43.1,66.67
seq_11_iron_aquisition-siderophore_synthesis,WP_002796878.1,46.667,45,24,0,339,383,20,64,5.83e-05,43.1,66.67
seq_11_iron_aquisition-siderophore_synthesis,WP_009881802.1,26.984,189,123,5,325,505,8,189,6.78e-05,42.4,43.39
seq_11_iron_aquisition-siderophore_synthesis,AAW56184.1,34.177,79,51,1,446,523,36,114,3.35e-04,38.1,53.16
seq_12_iron_aquisition-siderophore_transport,WP_002866753.1,98.980,294,3,0,1,294,1,294,0.0,591,99.32
seq_12_iron_aquisition-siderophore_transport,WP_014516905.1,97.973,296,4,1,1,294,1,296,0.0,583,98.65
seq_12_iron_aquisition-siderophore_transport,WP_002864655.1,96.959,296,7,1,1,294,1,296,0.0,581,98.65
seq_12_iron_aquisition-siderophore_transport,WP_011049595.1,96.622,296,8,1,1,294,1,296,0.0,580,98.99
seq_12_iron_aquisition-siderophore_transport,WP_002858739.1,96.959,296,7,1,1,294,1,296,0.0,580,98.65
seq_12_iron_aquisition-siderophore_transport,ETN90170.1,96.847,222,5,1,75,294,1,222,4.32e-158,437,98.20
seq_12_iron_aquisition-siderophore_transport,ETN90171.1,95.556,45,2,0,1,45,1,45,1.66e-23,88.6,97.78
seq_13_iron_gene_regulation,WP_002854244.1,100.000,131,0,0,1,131,6,136,7.72e-94,264,100.00
seq_13_iron_gene_regulation,WP_002876900.1,99.237,131,1,0,1,131,6,136,3.63e-93,263,99.24
seq_13_iron_gene_regulation,WP_002858684.1,97.710,131,3,0,1,131,6,136,2.04e-91,258,98.47
seq_14_iron_aquisition-siderophore_transport,WP_002856958.1,99.688,641,2,0,1,641,1,641,0.0,1285,100.00
seq_14_iron_aquisition-siderophore_transport,WP_002866478.1,99.844,641,1,0,1,641,1,641,0.0,1284,100.00
seq_14_iron_aquisition-siderophore_transport,WP_002858539.1,98.596,641,9,0,1,641,1,641,0.0,1270,99.22
seq_14_iron_aquisition-siderophore_transport,WP_011049744.1,98.596,641,9,0,1,641,1,641,0.0,1269,99.22
seq_14_iron_aquisition-siderophore_transport,ADN91790.1,47.170,212,109,1,1,212,5,213,3.53e-59,195,69.81
seq_14_iron_aquisition-siderophore_transport,WP_002860103.1,47.170,212,109,1,1,212,6,214,4.21e-59,195,69.81
seq_14_iron_aquisition-siderophore_transport,ABV53162.1,46.698,212,110,1,1,212,5,213,1.56e-58,194,69.34
seq_14_iron_aquisition-siderophore_transport,WP_079254165.1,46.698,212,110,1,1,212,6,214,1.75e-58,193,69.34
seq_14_iron_aquisition-siderophore_transport,WP_011050014.1,46.698,212,110,1,1,212,6,214,2.57e-58,193,69.34
seq_14_iron_aquisition-siderophore_transport,WP_002865902.1,36.441,236,135,5,1,224,1,233,6.16e-36,133,58.47
seq_14_iron_aquisition-siderophore_transport,AAW35106.1,38.073,218,129,4,4,218,6,220,1.25e-35,132,58.72
seq_14_iron_aquisition-siderophore_transport,WP_002853259.1,36.441,236,135,5,1,224,1,233,1.25e-35,132,58.47
seq_14_iron_aquisition-siderophore_transport,WP_002856856.1,36.522,230,142,3,1,228,1,228,1.84e-35,131,59.13
seq_14_iron_aquisition-siderophore_transport,WP_002856849.1,33.654,312,175,9,1,285,1,307,3.33e-35,134,54.17
seq_14_iron_aquisition-siderophore_transport,WP_002893140.1,33.654,312,175,9,1,285,1,307,3.53e-35,133,54.17
seq_14_iron_aquisition-siderophore_transport,WP_002852619.1,33.654,312,175,9,1,285,1,307,3.56e-35,133,54.17
seq_14_iron_aquisition-siderophore_transport,ABV52041.1,37.615,218,130,4,4,218,6,220,5.37e-35,130,58.72
seq_14_iron_aquisition-siderophore_transport,WP_011049810.1,37.004,227,139,3,1,225,1,225,6.11e-35,130,59.03
seq_14_iron_aquisition-siderophore_transport,WP_002877347.1,36.564,227,140,3,1,225,1,225,6.17e-35,130,59.03
seq_14_iron_aquisition-siderophore_transport,WP_002858600.1,37.615,218,130,4,4,218,6,220,7.48e-35,130,58.72
seq_14_iron_aquisition-siderophore_transport,WP_002858785.1,36.564,227,140,3,1,225,1,225,9.42e-35,129,59.03
seq_14_iron_aquisition-siderophore_transport,AAA02918.1,36.017,236,136,5,1,224,1,233,6.84e-34,127,57.63
seq_14_iron_aquisition-siderophore_transport,WP_002866826.1,34.599,237,127,6,1,216,1,230,1.50e-32,127,53.16
seq_14_iron_aquisition-siderophore_transport,ETJ84600.1,33.333,297,166,9,16,285,1,292,4.11e-32,124,53.87
seq_14_iron_aquisition-siderophore_transport,WP_002853534.1,39.560,182,106,4,16,195,18,197,1.13e-29,114,58.79
seq_14_iron_aquisition-siderophore_transport,WP_002856386.1,39.560,182,106,4,16,195,18,197,1.20e-29,114,58.79
seq_14_iron_aquisition-siderophore_transport,WP_012006736.1,35.385,195,119,2,16,209,17,205,2.32e-29,113,54.87
seq_14_iron_aquisition-siderophore_transport,WP_002867385.1,35.385,195,119,2,16,209,17,205,1.07e-26,105,55.90
seq_14_iron_aquisition-siderophore_transport,WP_002867742.1,36.683,199,114,5,24,219,25,214,2.63e-26,107,55.28
seq_14_iron_aquisition-siderophore_transport,WP_010891917.1,35.385,195,119,2,16,209,17,205,2.65e-26,104,55.38
seq_14_iron_aquisition-siderophore_transport,WP_002854406.1,36.683,199,114,5,24,219,25,214,3.33e-26,106,55.28
seq_14_iron_aquisition-siderophore_transport,WP_002852807.1,35.385,195,119,2,16,209,17,205,3.79e-26,104,55.38
seq_14_iron_aquisition-siderophore_transport,WP_011812693.1,32.189,233,136,6,1,231,2,214,9.12e-26,105,55.36
seq_14_iron_aquisition-siderophore_transport,ETJ83153.1,32.189,233,136,6,1,231,1,213,9.65e-26,105,55.36
seq_14_iron_aquisition-siderophore_transport,WP_010891842.1,32.189,233,136,6,1,231,2,214,9.93e-26,105,55.36
seq_14_iron_aquisition-siderophore_transport,AHK51526.1,33.486,218,123,6,1,216,1,198,1.01e-25,105,56.88
seq_14_iron_aquisition-siderophore_transport,WP_072238660.1,33.945,218,122,6,1,216,2,199,2.49e-25,104,56.88
seq_14_iron_aquisition-siderophore_transport,ABV51766.1,33.945,218,122,6,1,216,1,198,2.49e-25,104,56.88
seq_14_iron_aquisition-siderophore_transport,WP_004308379.1,35.294,204,122,3,19,220,20,215,8.89e-25,102,52.94
seq_14_iron_aquisition-siderophore_transport,WP_002816233.1,35.294,204,122,3,19,220,20,215,1.76e-24,101,52.94
seq_14_iron_aquisition-siderophore_transport,WP_002851414.1,34.314,204,116,5,5,198,6,201,4.53e-23,96.3,51.47
seq_14_iron_aquisition-siderophore_transport,WP_002776579.1,32.727,220,134,4,4,218,6,216,5.51e-23,98.2,56.82
seq_14_iron_aquisition-siderophore_transport,WP_002868882.1,33.816,207,113,5,5,198,6,201,7.58e-23,95.5,50.24
seq_14_iron_aquisition-siderophore_transport,WP_002860093.1,34.314,204,116,5,5,198,6,201,1.09e-22,95.1,50.98
seq_14_iron_aquisition-siderophore_transport,WP_002866848.1,33.824,204,117,5,5,198,6,201,1.66e-22,94.7,51.47
seq_14_iron_aquisition-siderophore_transport,WP_002831397.1,32.273,220,135,4,4,218,6,216,2.02e-22,96.3,56.36
seq_14_iron_aquisition-siderophore_transport,WP_002877063.1,31.401,207,132,5,12,214,360,560,8.92e-22,97.1,57.97
seq_14_iron_aquisition-siderophore_transport,WP_002852830.1,31.401,207,132,5,12,214,364,564,9.21e-22,97.1,57.00
seq_14_iron_aquisition-siderophore_transport,WP_002858308.1,31.401,207,132,5,12,214,360,560,1.08e-21,97.1,57.00
seq_14_iron_aquisition-siderophore_transport,WP_002869380.1,31.401,207,132,5,12,214,360,560,1.13e-21,96.7,57.49
seq_14_iron_aquisition-siderophore_transport,WP_002793288.1,32.273,220,135,4,4,218,6,216,1.63e-21,93.6,56.36
seq_14_iron_aquisition-siderophore_transport,WP_002867213.1,30.918,207,133,5,12,214,360,560,4.19e-21,95.1,57.00
seq_14_iron_aquisition-siderophore_transport,WP_014516904.1,31.250,224,116,8,16,224,18,218,1.95e-20,89.7,53.57
seq_14_iron_aquisition-siderophore_transport,AAW34617.1,32.864,213,129,4,11,218,1,204,2.84e-20,89.7,56.34
seq_14_iron_aquisition-siderophore_transport,WP_002866752.1,31.111,225,115,8,16,224,18,218,6.25e-20,88.2,53.78
seq_14_iron_aquisition-siderophore_transport,WP_002866772.1,30.962,239,151,6,1,232,1,232,8.08e-20,87.0,51.46
seq_14_iron_aquisition-siderophore_transport,WP_002867308.1,30.544,239,152,6,1,232,1,232,1.02e-19,86.7,51.88
seq_14_iron_aquisition-siderophore_transport,WP_002856278.1,30.962,239,151,6,1,232,1,232,1.05e-19,86.7,51.05
seq_14_iron_aquisition-siderophore_transport,WP_010891839.1,32.000,225,113,9,16,224,18,218,1.38e-19,87.0,54.67
seq_14_iron_aquisition-siderophore_transport,WP_002858409.1,29.237,236,159,5,1,232,1,232,2.00e-19,85.9,51.27
seq_14_iron_aquisition-siderophore_transport,WP_002872129.1,31.556,225,114,9,16,224,18,218,2.12e-19,86.7,54.67
seq_14_iron_aquisition-siderophore_transport,WP_009881802.1,31.556,225,114,9,16,224,18,218,4.01e-19,85.9,54.22
seq_14_iron_aquisition-siderophore_transport,WP_002853599.1,29.614,233,144,4,4,219,5,234,1.16e-17,80.9,47.21
seq_14_iron_aquisition-siderophore_transport,WP_002869430.1,29.614,233,144,4,4,219,5,234,1.24e-17,80.9,47.64
seq_14_iron_aquisition-siderophore_transport,WP_011049869.1,29.614,233,144,4,4,219,5,234,1.70e-17,80.5,47.21
seq_14_iron_aquisition-siderophore_transport,WP_002776307.1,31.188,202,125,6,12,206,13,207,1.78e-17,80.1,53.47
seq_14_iron_aquisition-siderophore_transport,AAW34561.1,29.500,200,133,4,20,216,25,219,4.29e-17,79.0,53.00
seq_14_iron_aquisition-siderophore_transport,WP_002855252.1,29.500,200,133,4,20,216,22,216,4.87e-17,79.0,53.00
seq_14_iron_aquisition-siderophore_transport,AHK56919.1,29.500,200,133,4,20,216,30,224,4.95e-17,79.0,53.00
seq_14_iron_aquisition-siderophore_transport,WP_002860769.1,27.381,252,154,6,4,236,333,574,6.09e-17,82.0,49.60
seq_14_iron_aquisition-siderophore_transport,WP_002856079.1,31.905,210,124,7,16,214,16,217,6.16e-17,79.0,54.29
seq_14_iron_aquisition-siderophore_transport,WP_002866594.1,30.435,207,131,5,16,214,16,217,6.58e-17,78.6,53.14
seq_14_iron_aquisition-siderophore_transport,WP_010891867.1,30.693,202,126,6,12,206,13,207,7.83e-17,78.2,53.47
seq_14_iron_aquisition-siderophore_transport,WP_002858782.1,27.381,252,154,6,4,236,333,574,8.71e-17,81.6,49.60
seq_14_iron_aquisition-siderophore_transport,WP_002852992.1,29.185,233,145,4,4,219,5,234,1.01e-16,78.2,46.78
seq_14_iron_aquisition-siderophore_transport,WP_002851136.1,28.444,225,142,6,1,214,1,217,1.05e-16,78.2,52.00
seq_14_iron_aquisition-siderophore_transport,WP_002886581.1,29.952,207,132,5,16,214,16,217,2.99e-16,76.6,52.66
seq_14_iron_aquisition-siderophore_transport,AAW56184.1,36.000,125,70,3,95,217,1,117,2.60e-13,64.7,55.20
seq_14_iron_aquisition-siderophore_transport,WP_002852965.1,29.000,200,128,4,1,196,1,190,1.45e-12,65.5,49.00
seq_14_iron_aquisition-siderophore_transport,EAQ72193.2,28.500,200,129,4,1,196,2,191,4.98e-12,63.9,48.50
seq_14_iron_aquisition-siderophore_transport,WP_002869429.1,28.500,200,129,4,1,196,1,190,5.24e-12,63.5,48.50
seq_14_iron_aquisition-siderophore_transport,ETJ81816.1,33.333,99,60,1,4,102,6,98,1.60e-11,59.3,56.57
seq_14_iron_aquisition-siderophore_transport,ETJ82550.1,31.527,203,108,8,1,196,1,179,1.62e-11,63.5,51.23
seq_14_iron_aquisition-siderophore_transport,WP_002856890.1,31.527,203,108,8,1,196,330,508,4.66e-11,63.2,51.23
seq_14_iron_aquisition-siderophore_transport,WP_002856890.1,26.295,251,129,10,1,214,3,234,2.30e-07,51.6,44.22
seq_14_iron_aquisition-siderophore_transport,WP_002868367.1,26.818,220,145,7,1,215,1,209,8.79e-11,61.2,49.09
seq_14_iron_aquisition-siderophore_transport,WP_012006789.1,28.767,219,142,8,1,215,1,209,1.23e-10,60.8,50.23
seq_14_iron_aquisition-siderophore_transport,WP_002867877.1,26.818,220,145,7,1,215,1,209,1.24e-10,60.8,49.09
seq_14_iron_aquisition-siderophore_transport,WP_002858735.1,26.066,211,128,7,9,214,322,509,9.07e-09,55.8,47.39
seq_14_iron_aquisition-siderophore_transport,WP_002858735.1,23.894,226,126,6,1,196,1,210,2.08e-07,51.6,43.36
seq_14_iron_aquisition-siderophore_transport,WP_002796878.1,26.066,211,128,7,9,214,322,509,9.72e-09,55.8,46.92
seq_14_iron_aquisition-siderophore_transport,WP_002796878.1,23.894,226,126,6,1,196,1,210,5.54e-08,53.1,43.81
seq_14_iron_aquisition-siderophore_transport,WP_002866019.1,25.592,211,129,7,9,214,322,509,1.88e-08,54.7,47.39
seq_14_iron_aquisition-siderophore_transport,WP_002866019.1,23.894,226,126,6,1,196,1,210,1.07e-07,52.4,43.81
seq_14_iron_aquisition-siderophore_transport,ETJ82665.1,26.337,243,123,10,9,214,11,234,1.30e-07,51.6,44.44
seq_14_iron_aquisition-siderophore_transport,WP_011049804.1,29.412,187,102,7,16,196,346,508,2.34e-07,51.6,50.27
seq_14_iron_aquisition-siderophore_transport,WP_011049804.1,26.337,243,123,9,9,214,11,234,2.93e-07,51.2,43.62
seq_14_iron_aquisition-siderophore_transport,WP_002865923.1,26.337,243,123,10,9,214,11,234,3.86e-07,50.8,44.44
seq_14_iron_aquisition-siderophore_transport,WP_002865923.1,29.412,187,102,7,16,196,346,508,9.60e-07,49.3,49.73
seq_14_iron_aquisition-siderophore_transport,WP_002852425.1,29.412,187,102,7,16,196,346,508,4.58e-07,50.4,49.73
seq_14_iron_aquisition-siderophore_transport,WP_002852425.1,26.337,243,123,10,9,214,11,234,1.30e-06,48.9,44.44
seq_14_iron_aquisition-siderophore_transport,ETJ81817.1,35.922,103,58,3,121,218,1,100,5.81e-06,45.4,62.14
seq_14_iron_aquisition-siderophore_transport,AAX99097.1,32.258,62,42,0,1,62,1,62,2.18e-05,42.0,58.06
seq_14_iron_aquisition-siderophore_transport,WP_002867790.1,35.484,62,31,1,4,56,29,90,0.004,37.7,54.84
seq_14_iron_aquisition-siderophore_transport,WP_002865879.1,35.484,62,31,1,4,56,29,90,0.005,37.7,54.84
seq_14_iron_aquisition-siderophore_transport,WP_002858743.1,35.484,62,31,1,4,56,29,90,0.007,37.0,54.84
seq_14_iron_aquisition-siderophore_transport,AAW35050.1,47.500,40,21,0,17,56,11,50,0.009,36.6,65.00
seq_15_iron_storage,WP_002851546.1,100.000,149,0,0,1,149,1,149,1.33e-110,308,100.00
seq_15_iron_storage,WP_002867076.1,99.329,149,1,0,1,149,1,149,1.62e-109,305,99.33
seq_15_iron_storage,3KWO_A,97.279,147,4,0,2,148,5,151,6.76e-105,294,97.28
seq_16_iron_aquisition-siderophore_synthesis,WP_002876088.1,98.190,221,4,0,1,221,1,221,3.79e-159,437,100.00
seq_16_iron_aquisition-siderophore_synthesis,WP_002867588.1,96.833,221,7,0,1,221,1,221,4.88e-158,434,100.00
seq_16_iron_aquisition-siderophore_synthesis,WP_002851151.1,97.285,221,6,0,1,221,1,221,7.40e-158,433,99.10
seq_16_iron_aquisition-siderophore_synthesis,WP_002922489.1,96.833,221,7,0,1,221,1,221,8.74e-157,431,98.64
seq_16_iron_aquisition-siderophore_synthesis,WP_002865902.1,34.123,211,119,4,1,207,1,195,6.50e-26,98.6,49.29
seq_16_iron_aquisition-siderophore_synthesis,WP_002853259.1,34.123,211,119,4,1,207,1,195,1.16e-25,97.8,49.29
seq_16_iron_aquisition-siderophore_synthesis,WP_079254165.1,35.122,205,108,7,27,221,22,211,6.85e-24,92.8,51.22
seq_16_iron_aquisition-siderophore_synthesis,ABV53162.1,35.122,205,108,7,27,221,21,210,7.30e-24,92.4,51.22
seq_16_iron_aquisition-siderophore_synthesis,AAA02918.1,35.071,211,117,6,1,207,1,195,7.35e-24,93.2,49.76
seq_16_iron_aquisition-siderophore_synthesis,WP_002860103.1,35.122,205,108,7,27,221,22,211,8.73e-24,92.4,51.22
seq_16_iron_aquisition-siderophore_synthesis,ADN91790.1,35.122,205,108,7,27,221,21,210,9.01e-24,92.4,51.22
seq_16_iron_aquisition-siderophore_synthesis,WP_011050014.1,35.122,205,108,7,27,221,22,211,1.01e-23,92.4,51.22
seq_16_iron_aquisition-siderophore_synthesis,AAW35106.1,30.476,210,128,7,1,207,3,197,9.62e-23,90.5,54.76
seq_16_iron_aquisition-siderophore_synthesis,ABV52041.1,30.476,210,128,7,1,207,3,197,1.74e-22,89.7,54.29
seq_16_iron_aquisition-siderophore_synthesis,WP_002852619.1,30.962,239,135,6,1,221,1,227,1.91e-22,91.3,48.12
seq_16_iron_aquisition-siderophore_synthesis,WP_010891917.1,32.796,186,117,4,26,210,17,195,2.51e-22,88.6,53.76
seq_16_iron_aquisition-siderophore_synthesis,WP_002893140.1,30.290,241,134,5,1,221,1,227,2.54e-22,90.9,47.30
seq_16_iron_aquisition-siderophore_synthesis,WP_002858600.1,30.476,210,128,7,1,207,3,197,2.83e-22,89.4,54.29
seq_16_iron_aquisition-siderophore_synthesis,WP_002856849.1,30.290,241,134,5,1,221,1,227,3.11e-22,90.5,47.30
seq_16_iron_aquisition-siderophore_synthesis,WP_002867385.1,32.796,186,117,4,26,210,17,195,3.19e-22,88.2,53.76
seq_16_iron_aquisition-siderophore_synthesis,WP_002852807.1,32.258,186,118,4,26,210,17,195,1.74e-21,86.3,53.76
seq_16_iron_aquisition-siderophore_synthesis,WP_002869380.1,30.000,240,120,8,2,220,349,561,3.79e-20,85.9,49.58
seq_16_iron_aquisition-siderophore_synthesis,ETJ84600.1,31.019,216,125,4,26,221,1,212,5.91e-20,84.0,47.69
seq_16_iron_aquisition-siderophore_synthesis,WP_002877347.1,28.696,230,106,7,1,207,1,195,5.93e-20,82.8,46.96
seq_16_iron_aquisition-siderophore_synthesis,WP_002858308.1,29.583,240,121,8,2,220,349,561,6.28e-20,85.1,49.17
seq_16_iron_aquisition-siderophore_synthesis,WP_002852830.1,29.583,240,121,8,2,220,353,565,6.49e-20,85.1,49.17
seq_16_iron_aquisition-siderophore_synthesis,WP_011049810.1,29.130,230,105,7,1,207,1,195,1.60e-19,81.6,46.96
seq_16_iron_aquisition-siderophore_synthesis,WP_002877063.1,29.583,240,121,8,2,220,349,561,1.71e-19,84.0,49.58
seq_16_iron_aquisition-siderophore_synthesis,WP_002858785.1,28.696,230,106,7,1,207,1,195,2.31e-19,81.3,46.96
seq_16_iron_aquisition-siderophore_synthesis,WP_002856856.1,28.696,230,106,7,1,207,1,195,2.90e-19,80.9,46.96
seq_16_iron_aquisition-siderophore_synthesis,WP_002866826.1,30.180,222,125,5,1,206,1,208,3.47e-19,82.4,50.45
seq_16_iron_aquisition-siderophore_synthesis,WP_002867213.1,29.167,240,122,8,2,220,349,561,2.93e-18,80.5,49.17
seq_16_iron_aquisition-siderophore_synthesis,WP_002867742.1,33.333,201,108,7,30,221,21,204,6.20e-18,78.2,49.25
seq_16_iron_aquisition-siderophore_synthesis,WP_002854406.1,33.333,201,108,7,30,221,21,204,6.28e-18,78.2,49.25
seq_16_iron_aquisition-siderophore_synthesis,WP_002856079.1,33.480,227,126,8,1,219,1,210,5.29e-17,75.1,50.22
seq_16_iron_aquisition-siderophore_synthesis,WP_002866594.1,33.480,227,126,8,1,219,1,210,6.22e-17,74.7,50.22
seq_16_iron_aquisition-siderophore_synthesis,WP_002886581.1,33.040,227,127,8,1,219,1,210,6.89e-17,74.7,49.78
seq_16_iron_aquisition-siderophore_synthesis,WP_002816233.1,34.254,181,109,4,42,221,33,204,1.54e-16,74.3,48.07
seq_16_iron_aquisition-siderophore_synthesis,WP_004308379.1,33.702,181,110,4,42,221,33,204,1.92e-16,73.9,48.07
seq_16_iron_aquisition-siderophore_synthesis,WP_002851136.1,33.480,227,126,8,1,219,1,210,4.41e-16,72.4,49.34
seq_16_iron_aquisition-siderophore_synthesis,WP_002853534.1,28.962,183,129,1,25,207,17,198,6.73e-16,71.2,50.27
seq_16_iron_aquisition-siderophore_synthesis,WP_002856386.1,28.962,183,129,1,25,207,17,198,6.94e-16,71.2,50.27
seq_16_iron_aquisition-siderophore_synthesis,WP_002831397.1,31.383,188,117,4,25,209,17,195,3.99e-14,67.8,54.26
seq_16_iron_aquisition-siderophore_synthesis,WP_002776307.1,31.019,216,121,8,1,206,2,199,4.92e-14,66.6,46.76
seq_16_iron_aquisition-siderophore_synthesis,WP_002776579.1,30.851,188,118,4,25,209,17,195,6.36e-14,67.4,54.26
seq_16_iron_aquisition-siderophore_synthesis,WP_002793288.1,30.851,188,118,4,25,209,17,195,7.56e-14,67.0,54.79
seq_16_iron_aquisition-siderophore_synthesis,WP_002866752.1,29.353,201,122,5,22,217,14,199,1.32e-13,65.9,48.26
seq_16_iron_aquisition-siderophore_synthesis,WP_014516904.1,29.353,201,122,5,22,217,14,199,1.38e-13,65.9,48.26
seq_16_iron_aquisition-siderophore_synthesis,WP_010891839.1,29.353,201,122,5,22,217,14,199,1.84e-13,65.5,48.26
seq_16_iron_aquisition-siderophore_synthesis,WP_010891867.1,30.556,216,122,8,1,206,2,199,2.04e-13,65.1,46.76
seq_16_iron_aquisition-siderophore_synthesis,WP_002867308.1,27.570,214,127,7,1,206,1,194,3.61e-13,64.3,50.00
seq_16_iron_aquisition-siderophore_synthesis,ETJ82665.1,27.189,217,126,5,25,217,17,225,4.14e-13,65.1,45.16
seq_16_iron_aquisition-siderophore_synthesis,WP_002872129.1,29.798,198,119,5,25,217,17,199,4.98e-13,64.3,48.48
seq_16_iron_aquisition-siderophore_synthesis,AAW34561.1,30.055,183,93,5,29,195,24,187,5.62e-13,63.9,46.99
seq_16_iron_aquisition-siderophore_synthesis,AHK56919.1,30.055,183,93,5,29,195,29,192,6.22e-13,63.5,46.99
seq_16_iron_aquisition-siderophore_synthesis,WP_002855252.1,30.055,183,93,5,29,195,21,184,6.25e-13,63.5,46.99
seq_16_iron_aquisition-siderophore_synthesis,WP_002865923.1,27.189,217,126,5,25,217,17,225,7.67e-13,64.7,45.16
seq_16_iron_aquisition-siderophore_synthesis,WP_002865923.1,24.845,161,98,3,26,182,346,487,8.26e-06,43.5,47.20
seq_16_iron_aquisition-siderophore_synthesis,WP_002858409.1,27.103,214,128,7,1,206,1,194,8.44e-13,63.2,49.53
seq_16_iron_aquisition-siderophore_synthesis,WP_002856890.1,27.189,217,126,5,25,217,17,225,1.04e-12,64.3,45.16
seq_16_iron_aquisition-siderophore_synthesis,WP_002856890.1,24.845,161,98,3,26,182,346,487,4.12e-06,44.7,47.20
seq_16_iron_aquisition-siderophore_synthesis,WP_009881802.1,28.788,198,121,5,25,217,17,199,3.13e-12,62.0,47.98
seq_16_iron_aquisition-siderophore_synthesis,WP_002856278.1,26.291,213,131,6,1,206,1,194,4.32e-12,61.2,47.89
seq_16_iron_aquisition-siderophore_synthesis,WP_011049804.1,26.728,217,127,6,25,217,17,225,4.33e-12,62.4,46.08
seq_16_iron_aquisition-siderophore_synthesis,WP_011049804.1,24.845,161,98,3,26,182,346,487,1.87e-06,45.4,47.83
seq_16_iron_aquisition-siderophore_synthesis,WP_002852425.1,26.728,217,127,6,25,217,17,225,5.22e-12,62.0,46.08
seq_16_iron_aquisition-siderophore_synthesis,WP_002852425.1,24.845,161,98,3,26,182,346,487,4.08e-06,44.7,47.20
seq_16_iron_aquisition-siderophore_synthesis,WP_010891842.1,30.939,181,101,5,28,206,19,177,1.06e-11,60.8,49.72
seq_16_iron_aquisition-siderophore_synthesis,ABV51766.1,30.939,181,101,5,28,206,18,176,1.07e-11,60.5,49.72
seq_16_iron_aquisition-siderophore_synthesis,AHK51526.1,30.939,181,101,5,28,206,18,176,1.08e-11,60.5,49.72
seq_16_iron_aquisition-siderophore_synthesis,WP_072238660.1,30.939,181,101,5,28,206,19,177,1.10e-11,60.5,49.72
seq_16_iron_aquisition-siderophore_synthesis,WP_002866772.1,26.291,213,131,6,1,206,1,194,1.41e-11,59.7,47.89
seq_16_iron_aquisition-siderophore_synthesis,WP_011812693.1,30.387,181,102,5,28,206,19,177,3.77e-11,58.9,49.72
seq_16_iron_aquisition-siderophore_synthesis,ETJ83153.1,30.387,181,102,5,28,206,18,176,4.50e-11,58.9,49.72
seq_16_iron_aquisition-siderophore_synthesis,AAW56184.1,38.961,77,47,0,145,221,33,109,9.71e-11,55.1,55.84
seq_16_iron_aquisition-siderophore_synthesis,AAW34617.1,29.050,179,115,4,34,209,14,183,1.23e-09,54.7,52.51
seq_16_iron_aquisition-siderophore_synthesis,WP_014517118.1,39.706,68,36,1,1,68,1,63,4.82e-09,52.4,57.35
seq_16_iron_aquisition-siderophore_synthesis,WP_002860769.1,26.012,173,120,4,26,195,355,522,6.50e-09,53.1,47.98
seq_16_iron_aquisition-siderophore_synthesis,WP_002818959.1,39.706,68,36,1,1,68,1,63,6.89e-09,52.0,57.35
seq_16_iron_aquisition-siderophore_synthesis,WP_002858782.1,26.012,173,120,4,26,195,355,522,7.27e-09,52.8,47.98
seq_16_iron_aquisition-siderophore_synthesis,WP_002851179.1,39.706,68,36,1,1,68,1,63,8.20e-09,51.6,57.35
seq_16_iron_aquisition-siderophore_synthesis,ETJ81816.1,37.705,61,38,0,25,85,17,77,7.02e-07,44.7,60.66
seq_16_iron_aquisition-siderophore_synthesis,WP_002858735.1,23.316,193,123,5,26,217,332,500,7.20e-07,47.0,44.56
seq_16_iron_aquisition-siderophore_synthesis,WP_002858735.1,29.825,57,40,0,15,71,5,61,0.004,35.4,56.14
seq_16_iron_aquisition-siderophore_synthesis,WP_002796878.1,23.316,193,123,5,26,217,332,500,1.17e-06,46.2,45.08
seq_16_iron_aquisition-siderophore_synthesis,WP_002796878.1,29.825,57,40,0,15,71,5,61,0.004,35.4,56.14
seq_16_iron_aquisition-siderophore_synthesis,WP_002866019.1,23.316,193,123,5,26,217,332,500,1.56e-06,45.8,44.56
seq_16_iron_aquisition-siderophore_synthesis,WP_002866019.1,29.825,57,40,0,15,71,5,61,0.003,35.4,56.14
seq_16_iron_aquisition-siderophore_synthesis,ETJ82550.1,24.845,161,98,3,26,182,17,158,2.82e-06,44.7,47.20
seq_16_iron_aquisition-siderophore_synthesis,ETJ81817.1,41.538,65,38,0,145,209,15,79,1.05e-05,42.4,64.62
seq_16_iron_aquisition-siderophore_synthesis,EAQ72193.2,26.257,179,106,7,29,197,20,182,1.09e-04,39.7,44.69
seq_16_iron_aquisition-siderophore_synthesis,WP_002869429.1,26.257,179,106,7,29,197,19,181,1.11e-04,39.7,44.69
seq_16_iron_aquisition-siderophore_synthesis,WP_002852965.1,26.257,179,106,7,29,197,19,181,1.77e-04,38.9,44.69
seq_16_iron_aquisition-siderophore_synthesis,AAX99097.1,28.986,69,48,1,15,82,5,73,3.02e-04,37.0,55.07
seq_17_iron_aquisition-siderophore_synthesis,WP_002866868.1,99.153,236,2,0,1,236,1,236,1.01e-170,467,100.00
seq_17_iron_aquisition-siderophore_synthesis,WP_011050003.1,99.153,236,2,0,1,236,1,236,1.04e-170,467,99.58
seq_17_iron_aquisition-siderophore_synthesis,WP_002922491.1,98.729,236,3,0,1,236,1,236,3.86e-170,466,99.58
seq_17_iron_aquisition-siderophore_synthesis,WP_002865171.1,98.305,236,4,0,1,236,1,236,2.72e-169,463,99.58
seq_17_iron_aquisition-siderophore_synthesis,ABV53076.1,98.649,222,3,0,15,236,1,222,7.51e-161,442,100.00
seq_17_iron_aquisition-siderophore_synthesis,ETN90338.1,98.198,222,4,0,15,236,1,222,1.95e-160,441,99.55
seq_17_iron_aquisition-siderophore_synthesis,WP_002866826.1,27.778,234,140,8,1,217,2,223,1.65e-15,72.4,49.15
seq_17_iron_aquisition-siderophore_synthesis,WP_002816233.1,32.743,226,114,11,22,235,24,223,5.77e-14,67.4,48.23
seq_17_iron_aquisition-siderophore_synthesis,WP_004308379.1,32.301,226,115,11,22,235,24,223,7.87e-14,67.0,48.23
seq_18_iron_aquisition-siderophore_synthesis,WP_002851469.1,99.816,543,1,0,1,543,1,543,0.0,1088,100.00
seq_18_iron_aquisition-siderophore_synthesis,WP_002855865.1,99.448,543,3,0,1,543,1,543,0.0,1085,100.00
seq_18_iron_aquisition-siderophore_synthesis,WP_002866874.1,99.079,543,5,0,1,543,1,543,0.0,1082,99.63
seq_18_iron_aquisition-siderophore_synthesis,WP_002869380.1,25.830,542,320,19,37,527,54,564,3.72e-20,91.7,44.83
seq_18_iron_aquisition-siderophore_synthesis,WP_002852830.1,25.461,542,322,19,37,527,58,568,3.97e-20,91.3,45.02
seq_18_iron_aquisition-siderophore_synthesis,WP_002858308.1,25.461,542,322,19,37,527,54,564,4.18e-20,91.3,45.02
seq_18_iron_aquisition-siderophore_synthesis,WP_002867213.1,25.646,542,321,19,37,527,54,564,4.45e-20,91.3,44.83
seq_18_iron_aquisition-siderophore_synthesis,WP_002877063.1,25.461,542,322,19,37,527,54,564,3.16e-19,88.6,44.65
seq_18_iron_aquisition-siderophore_synthesis,WP_002858782.1,24.028,566,355,23,2,523,16,550,1.12e-17,84.0,43.82
seq_18_iron_aquisition-siderophore_synthesis,WP_002877347.1,29.680,219,134,6,321,524,2,215,1.35e-17,80.1,49.77
seq_18_iron_aquisition-siderophore_synthesis,WP_002860769.1,23.852,566,356,23,2,523,16,550,1.36e-17,83.6,43.82
seq_18_iron_aquisition-siderophore_synthesis,WP_011049810.1,30.137,219,133,6,321,524,2,215,1.74e-17,79.7,49.77
seq_18_iron_aquisition-siderophore_synthesis,WP_002858785.1,29.680,219,134,6,321,524,2,215,2.77e-17,79.3,49.77
seq_18_iron_aquisition-siderophore_synthesis,WP_002856856.1,29.680,219,134,6,321,524,2,215,2.85e-17,79.3,49.77
seq_18_iron_aquisition-siderophore_synthesis,WP_002867742.1,31.443,194,119,4,339,523,21,209,1.50e-15,75.1,48.97
seq_18_iron_aquisition-siderophore_synthesis,WP_002854406.1,31.443,194,119,4,339,523,21,209,1.67e-15,75.1,48.97
seq_18_iron_aquisition-siderophore_synthesis,WP_002866826.1,28.696,230,134,7,320,523,3,228,2.66e-14,72.0,48.70
seq_18_iron_aquisition-siderophore_synthesis,WP_002852619.1,28.814,236,130,6,321,523,2,232,4.35e-14,71.2,45.76
seq_18_iron_aquisition-siderophore_synthesis,WP_002893140.1,28.814,236,130,6,321,523,2,232,4.43e-14,71.2,45.76
seq_18_iron_aquisition-siderophore_synthesis,WP_002856849.1,28.814,236,130,6,321,523,2,232,4.64e-14,71.2,45.76
seq_18_iron_aquisition-siderophore_synthesis,WP_004308379.1,30.732,205,121,5,342,537,24,216,4.92e-14,70.5,49.76
seq_18_iron_aquisition-siderophore_synthesis,WP_002816233.1,30.732,205,121,5,342,537,24,216,6.90e-14,70.1,49.76
seq_18_iron_aquisition-siderophore_synthesis,ETJ84600.1,29.412,221,118,6,336,523,2,217,3.74e-13,68.2,46.15
seq_18_iron_aquisition-siderophore_synthesis,WP_002867308.1,26.000,200,127,4,321,505,2,195,2.82e-11,61.6,47.50
seq_18_iron_aquisition-siderophore_synthesis,WP_002858409.1,27.723,202,121,6,321,505,2,195,3.27e-11,61.2,48.02
seq_18_iron_aquisition-siderophore_synthesis,WP_002851136.1,29.224,219,136,6,321,523,2,217,9.37e-11,60.1,46.12
seq_18_iron_aquisition-siderophore_synthesis,WP_002831397.1,27.778,216,136,4,321,523,4,212,1.71e-10,60.1,47.22
seq_18_iron_aquisition-siderophore_synthesis,WP_002866594.1,28.767,219,137,6,321,523,2,217,1.84e-10,59.3,46.58
seq_18_iron_aquisition-siderophore_synthesis,WP_002856278.1,27.670,206,116,6,321,505,2,195,1.87e-10,59.3,45.63
seq_18_iron_aquisition-siderophore_synthesis,WP_002776579.1,27.778,216,136,4,321,523,4,212,2.09e-10,59.7,47.22
seq_18_iron_aquisition-siderophore_synthesis,WP_002856079.1,28.767,219,137,6,321,523,2,217,2.40e-10,58.9,46.12
seq_18_iron_aquisition-siderophore_synthesis,WP_002866772.1,27.723,202,121,6,321,505,2,195,3.77e-10,58.2,47.03
seq_18_iron_aquisition-siderophore_synthesis,AAW34617.1,29.381,194,117,4,343,523,14,200,9.55e-10,57.8,48.45
seq_18_iron_aquisition-siderophore_synthesis,WP_002886581.1,28.311,219,138,6,321,523,2,217,1.27e-09,56.6,46.12
seq_18_iron_aquisition-siderophore_synthesis,WP_002793288.1,27.315,216,137,4,321,523,4,212,1.28e-09,57.4,47.22
seq_18_iron_aquisition-siderophore_synthesis,WP_002855252.1,27.650,217,127,9,339,537,22,226,1.40e-09,56.2,45.62
seq_18_iron_aquisition-siderophore_synthesis,AAW34561.1,27.570,214,131,8,339,537,25,229,1.60e-09,56.2,45.33
seq_18_iron_aquisition-siderophore_synthesis,AHK56919.1,27.650,217,127,9,339,537,30,234,2.08e-09,55.8,45.62
seq_18_iron_aquisition-siderophore_synthesis,WP_011049869.1,26.066,211,132,5,336,522,18,228,3.90e-09,55.1,44.55
seq_18_iron_aquisition-siderophore_synthesis,WP_002853599.1,26.066,211,132,5,336,522,18,228,4.69e-09,55.1,44.55
seq_18_iron_aquisition-siderophore_synthesis,WP_002852992.1,26.066,211,132,5,336,522,18,228,8.05e-09,54.3,44.08
seq_18_iron_aquisition-siderophore_synthesis,WP_010891842.1,25.943,212,121,7,336,534,18,206,9.48e-09,54.7,48.11
seq_18_iron_aquisition-siderophore_synthesis,WP_011812693.1,25.943,212,121,7,336,534,18,206,9.74e-09,54.7,48.11
seq_18_iron_aquisition-siderophore_synthesis,ETJ83153.1,25.943,212,121,7,336,534,17,205,9.95e-09,54.3,48.11
seq_18_iron_aquisition-siderophore_synthesis,AHK51526.1,25.943,212,121,7,336,534,17,205,1.03e-08,54.3,48.11
seq_18_iron_aquisition-siderophore_synthesis,WP_002869430.1,25.592,211,133,5,336,522,18,228,1.36e-08,53.5,44.55
seq_18_iron_aquisition-siderophore_synthesis,WP_072238660.1,25.943,212,121,7,336,534,18,206,1.51e-08,53.9,48.11
seq_18_iron_aquisition-siderophore_synthesis,ABV51766.1,25.943,212,121,7,336,534,17,205,1.59e-08,53.9,48.11
seq_18_iron_aquisition-siderophore_synthesis,WP_002868367.1,30.837,227,135,8,321,534,2,219,6.46e-08,52.0,44.05
seq_18_iron_aquisition-siderophore_synthesis,WP_002867877.1,30.837,227,135,8,321,534,2,219,6.63e-08,52.0,44.05
seq_18_iron_aquisition-siderophore_synthesis,WP_011049804.1,26.222,225,130,7,336,528,19,239,1.14e-07,52.0,43.11
seq_18_iron_aquisition-siderophore_synthesis,WP_002852425.1,26.222,225,130,7,336,528,19,239,1.32e-07,52.0,43.11
seq_18_iron_aquisition-siderophore_synthesis,WP_012006789.1,30.435,230,132,8,321,534,2,219,1.67e-07,50.8,43.91
seq_18_iron_aquisition-siderophore_synthesis,ETJ82665.1,24.444,225,134,5,336,528,19,239,6.41e-07,48.9,41.33
seq_18_iron_aquisition-siderophore_synthesis,WP_002856890.1,24.889,225,133,6,336,528,19,239,9.60e-07,49.3,41.78
seq_18_iron_aquisition-siderophore_synthesis,WP_002865923.1,24.444,225,134,6,336,528,19,239,2.09e-06,48.1,41.78
seq_18_iron_aquisition-siderophore_synthesis,WP_014516904.1,26.984,189,123,5,325,505,8,189,8.18e-06,45.4,44.44
seq_18_iron_aquisition-siderophore_synthesis,AAX99097.1,34.921,63,41,0,321,383,2,64,8.62e-06,42.7,53.97
seq_18_iron_aquisition-siderophore_synthesis,WP_002866752.1,26.984,189,123,5,325,505,8,189,9.70e-06,45.1,44.44
seq_18_iron_aquisition-siderophore_synthesis,WP_010891839.1,26.984,189,123,5,325,505,8,189,2.05e-05,44.3,44.44
seq_18_iron_aquisition-siderophore_synthesis,WP_002872129.1,25.871,201,110,6,325,505,8,189,2.45e-05,43.9,41.79
seq_18_iron_aquisition-siderophore_synthesis,WP_009881802.1,26.984,189,123,5,325,505,8,189,4.96e-05,42.7,43.39
seq_18_iron_aquisition-siderophore_synthesis,WP_002858735.1,46.667,45,24,0,339,383,20,64,5.73e-05,43.1,66.67
seq_18_iron_aquisition-siderophore_synthesis,WP_002796878.1,46.667,45,24,0,339,383,20,64,5.98e-05,43.1,66.67
seq_18_iron_aquisition-siderophore_synthesis,WP_002866019.1,46.667,45,24,0,339,383,20,64,6.09e-05,43.1,66.67
seq_18_iron_aquisition-siderophore_synthesis,AAW56184.1,29.915,117,72,3,412,523,3,114,1.13e-04,39.7,48.72
seq_19_iron_aquisition-siderophore_transport_potential,WP_012006621.1,100.000,259,0,0,1,259,1,259,0.0,517,100.00
seq_19_iron_aquisition-siderophore_transport_potential,WP_002876984.1,99.614,259,1,0,1,259,1,259,0.0,515,99.61
seq_19_iron_aquisition-siderophore_transport_potential,WP_002868764.1,98.842,259,3,0,1,259,1,259,0.0,513,99.61
seq_19_iron_aquisition-siderophore_transport_potential,WP_002859784.1,98.842,259,3,0,1,259,1,259,0.0,511,98.84
seq_19_iron_aquisition-siderophore_transport_potential,WP_002867816.1,98.069,259,5,0,1,259,1,259,0.0,508,98.46
seq_20_iron_aquisition-siderophore_transport,WP_002851986.1,100.000,267,0,0,1,267,1,267,0.0,516,100.00
seq_20_iron_aquisition-siderophore_transport,WP_002860605.1,99.251,267,2,0,1,267,1,267,0.0,513,99.25
seq_20_iron_aquisition-siderophore_transport,WP_014516903.1,99.251,267,2,0,1,267,1,267,0.0,512,99.25
seq_20_iron_aquisition-siderophore_transport,WP_002857348.1,98.502,267,4,0,1,267,1,267,0.0,510,99.25
seq_20_iron_aquisition-siderophore_transport,WP_010891838.1,97.378,267,7,0,1,267,1,267,0.0,506,98.50
seq_21_iron_aquisition-siderophore_transport,WP_002866753.1,100.000,294,0,0,1,294,1,294,0.0,597,100.00
seq_21_iron_aquisition-siderophore_transport,WP_014516905.1,97.635,296,5,1,1,294,1,296,0.0,580,97.97
seq_21_iron_aquisition-siderophore_transport,WP_002864655.1,96.622,296,8,1,1,294,1,296,0.0,578,97.97
seq_21_iron_aquisition-siderophore_transport,WP_002858739.1,96.622,296,8,1,1,294,1,296,0.0,578,97.97
seq_21_iron_aquisition-siderophore_transport,WP_011049595.1,96.284,296,9,1,1,294,1,296,0.0,578,98.31
seq_21_iron_aquisition-siderophore_transport,ETN90170.1,96.396,222,6,1,75,294,1,222,1.12e-156,434,97.30
seq_21_iron_aquisition-siderophore_transport,ETN90171.1,95.556,45,2,0,1,45,1,45,1.62e-23,88.6,97.78
seq_22_iron_aquisition-siderophore_synthesis,WP_002866874.1,100.000,543,0,0,1,543,1,543,0.0,1088,100.00
seq_22_iron_aquisition-siderophore_synthesis,WP_002855865.1,99.632,543,2,0,1,543,1,543,0.0,1086,99.63
seq_22_iron_aquisition-siderophore_synthesis,WP_002851469.1,99.263,543,4,0,1,543,1,543,0.0,1083,99.63
seq_22_iron_aquisition-siderophore_synthesis,WP_002869380.1,25.646,542,321,19,37,527,54,564,3.58e-19,88.6,44.28
seq_22_iron_aquisition-siderophore_synthesis,WP_002858308.1,25.277,542,323,19,37,527,54,564,3.95e-19,88.2,44.46
seq_22_iron_aquisition-siderophore_synthesis,WP_002867213.1,25.461,542,322,19,37,527,54,564,4.02e-19,88.2,44.28
seq_22_iron_aquisition-siderophore_synthesis,WP_002852830.1,25.277,542,323,19,37,527,58,568,4.72e-19,88.2,44.46
seq_22_iron_aquisition-siderophore_synthesis,WP_002877063.1,25.277,542,323,19,37,527,54,564,3.25e-18,85.5,44.10
seq_22_iron_aquisition-siderophore_synthesis,WP_002858782.1,23.759,564,359,21,2,523,16,550,3.61e-17,82.0,43.26
seq_22_iron_aquisition-siderophore_synthesis,WP_002860769.1,23.582,564,360,21,2,523,16,550,6.29e-17,81.3,43.26
seq_22_iron_aquisition-siderophore_synthesis,WP_002867742.1,31.443,194,119,5,339,523,21,209,4.28e-15,73.6,50.00
seq_22_iron_aquisition-siderophore_synthesis,WP_002854406.1,31.443,194,119,5,339,523,21,209,4.85e-15,73.6,50.00
seq_22_iron_aquisition-siderophore_synthesis,WP_002893140.1,29.237,236,129,6,321,523,2,232,2.06e-14,72.0,45.76
seq_22_iron_aquisition-siderophore_synthesis,WP_002852619.1,29.237,236,129,6,321,523,2,232,2.10e-14,72.0,45.76
seq_22_iron_aquisition-siderophore_synthesis,WP_002856849.1,29.237,236,129,6,321,523,2,232,2.12e-14,72.0,45.76
seq_22_iron_aquisition-siderophore_synthesis,WP_002866826.1,28.821,229,135,6,320,523,3,228,2.32e-14,72.4,48.47
seq_22_iron_aquisition-siderophore_synthesis,WP_004308379.1,30.732,205,121,6,342,537,24,216,1.62e-13,68.9,49.27
seq_22_iron_aquisition-siderophore_synthesis,ETJ84600.1,29.864,221,117,6,336,523,2,217,1.63e-13,69.3,46.15
seq_22_iron_aquisition-siderophore_synthesis,WP_002816233.1,30.732,205,121,6,342,537,24,216,2.80e-13,68.2,49.27
seq_22_iron_aquisition-siderophore_synthesis,WP_002831397.1,28.704,216,134,4,321,523,4,212,7.62e-12,64.3,48.15
seq_22_iron_aquisition-siderophore_synthesis,WP_002776579.1,28.704,216,134,4,321,523,4,212,1.01e-11,63.9,48.15
seq_22_iron_aquisition-siderophore_synthesis,WP_002851136.1,30.180,222,130,7,321,523,2,217,4.15e-11,61.2,46.40
seq_22_iron_aquisition-siderophore_synthesis,AAW34617.1,30.412,194,115,4,343,523,14,200,4.77e-11,61.6,49.48
seq_22_iron_aquisition-siderophore_synthesis,WP_002793288.1,28.241,216,135,4,321,523,4,212,6.96e-11,61.2,48.15
seq_22_iron_aquisition-siderophore_synthesis,WP_002866594.1,29.730,222,131,7,321,523,2,217,8.47e-11,60.5,46.85
seq_22_iron_aquisition-siderophore_synthesis,WP_002856079.1,29.730,222,131,7,321,523,2,217,1.04e-10,60.1,46.40
seq_22_iron_aquisition-siderophore_synthesis,WP_002867308.1,26.131,199,128,3,321,505,2,195,1.70e-10,59.3,46.23
seq_22_iron_aquisition-siderophore_synthesis,WP_002858409.1,27.861,201,122,5,321,505,2,195,2.01e-10,58.9,46.77
seq_22_iron_aquisition-siderophore_synthesis,WP_002886581.1,29.279,222,132,7,321,523,2,217,5.12e-10,57.8,46.40
seq_22_iron_aquisition-siderophore_synthesis,WP_002866772.1,27.861,201,122,5,321,505,2,195,5.46e-10,57.8,46.27
seq_22_iron_aquisition-siderophore_synthesis,WP_002856278.1,27.861,201,122,5,321,505,2,195,5.67e-10,57.8,46.27
seq_22_iron_aquisition-siderophore_synthesis,WP_011049869.1,26.540,211,131,5,336,522,18,228,5.76e-10,57.8,45.50
seq_22_iron_aquisition-siderophore_synthesis,WP_002853599.1,26.540,211,131,5,336,522,18,228,7.05e-10,57.4,45.50
seq_22_iron_aquisition-siderophore_synthesis,WP_002855252.1,26.761,213,134,7,339,537,22,226,9.63e-10,57.0,46.01
seq_22_iron_aquisition-siderophore_synthesis,AAW34561.1,26.761,213,134,7,339,537,25,229,1.01e-09,57.0,46.01
seq_22_iron_aquisition-siderophore_synthesis,WP_002852992.1,26.540,211,131,5,336,522,18,228,1.06e-09,57.0,45.02
seq_22_iron_aquisition-siderophore_synthesis,AHK56919.1,26.761,213,134,7,339,537,30,234,1.22e-09,56.6,46.01
seq_22_iron_aquisition-siderophore_synthesis,ETJ83153.1,26.415,212,120,7,336,534,17,205,1.96e-09,56.6,48.11
seq_22_iron_aquisition-siderophore_synthesis,AHK51526.1,26.415,212,120,7,336,534,17,205,2.01e-09,56.6,48.11
seq_22_iron_aquisition-siderophore_synthesis,WP_011812693.1,26.415,212,120,7,336,534,18,206,2.05e-09,56.6,48.11
seq_22_iron_aquisition-siderophore_synthesis,WP_002869430.1,26.066,211,132,5,336,522,18,228,2.11e-09,56.2,45.50
seq_22_iron_aquisition-siderophore_synthesis,WP_010891842.1,26.415,212,120,7,336,534,18,206,2.28e-09,56.6,48.11
seq_22_iron_aquisition-siderophore_synthesis,ABV51766.1,26.415,212,120,7,336,534,17,205,3.37e-09,55.8,48.11
seq_22_iron_aquisition-siderophore_synthesis,WP_072238660.1,26.415,212,120,7,336,534,18,206,3.52e-09,55.8,48.11
seq_22_iron_aquisition-siderophore_synthesis,WP_002867877.1,30.901,233,127,9,321,534,2,219,2.20e-08,53.5,44.21
seq_22_iron_aquisition-siderophore_synthesis,WP_002868367.1,30.901,233,127,9,321,534,2,219,2.45e-08,53.5,44.21
seq_22_iron_aquisition-siderophore_synthesis,WP_011049804.1,26.222,225,130,6,336,528,19,239,7.45e-08,52.8,41.78
seq_22_iron_aquisition-siderophore_synthesis,WP_002852425.1,26.222,225,130,6,336,528,19,239,8.94e-08,52.4,41.78
seq_22_iron_aquisition-siderophore_synthesis,WP_012006789.1,29.778,225,140,7,321,534,2,219,1.12e-07,51.2,45.78
seq_22_iron_aquisition-siderophore_synthesis,ETJ82665.1,25.333,225,132,6,336,528,19,239,2.01e-07,50.4,41.78
seq_22_iron_aquisition-siderophore_synthesis,WP_002856890.1,25.333,225,132,6,336,528,19,239,2.77e-07,50.8,41.78
seq_22_iron_aquisition-siderophore_synthesis,WP_002865923.1,24.889,225,133,6,336,528,19,239,6.80e-07,49.7,41.78
seq_22_iron_aquisition-siderophore_synthesis,AAX99097.1,34.921,63,41,0,321,383,2,64,8.62e-06,42.7,53.97
seq_22_iron_aquisition-siderophore_synthesis,WP_014516904.1,26.984,189,123,5,325,505,8,189,1.05e-05,45.1,44.44
seq_22_iron_aquisition-siderophore_synthesis,WP_002866752.1,26.984,189,123,5,325,505,8,189,1.58e-05,44.3,44.44
seq_22_iron_aquisition-siderophore_synthesis,WP_002872129.1,26.368,201,109,7,325,505,8,189,2.96e-05,43.5,42.79
seq_22_iron_aquisition-siderophore_synthesis,WP_010891839.1,26.984,189,123,5,325,505,8,189,3.07e-05,43.5,44.44
seq_22_iron_aquisition-siderophore_synthesis,WP_002866019.1,46.667,45,24,0,339,383,20,64,5.83e-05,43.1,66.67
seq_22_iron_aquisition-siderophore_synthesis,WP_002858735.1,46.667,45,24,0,339,383,20,64,5.93e-05,43.1,66.67
seq_22_iron_aquisition-siderophore_synthesis,WP_002796878.1,46.667,45,24,0,339,383,20,64,5.93e-05,43.1,66.67
seq_22_iron_aquisition-siderophore_synthesis,WP_009881802.1,26.984,189,123,5,325,505,8,189,6.72e-05,42.4,43.39
seq_22_iron_aquisition-siderophore_synthesis,AAW56184.1,34.177,79,51,1,446,523,36,114,3.38e-04,38.1,53.16
seq_23_iron_aquisition-siderophore_transport,WP_014516903.1,100.000,267,0,0,1,267,1,267,0.0,516,100.00
seq_23_iron_aquisition-siderophore_transport,WP_002857348.1,98.876,267,3,0,1,267,1,267,0.0,513,100.00
seq_23_iron_aquisition-siderophore_transport,WP_002851986.1,99.251,267,2,0,1,267,1,267,0.0,512,99.25
seq_23_iron_aquisition-siderophore_transport,WP_002860605.1,99.251,267,2,0,1,267,1,267,0.0,511,99.25
seq_23_iron_aquisition-siderophore_transport,WP_010891838.1,98.127,267,5,0,1,267,1,267,0.0,510,99.25


